generator,class,index,filename,width,height,seconds
sd35-large-turbo,lion,1,d_lion_001.png,1152,864,57.82
sd35-large-turbo,lion,2,d_lion_002.png,1152,864,30.03
sd35-large-turbo,plains zebra,1,d_plains_zebra_001.png,1152,864,70.0
sd35-large-turbo,plains zebra,2,d_plains_zebra_002.png,1152,864,33.48
sd35-large-turbo,plains zebra,3,d_plains_zebra_003.png,1152,864,30.86
sd35-large-turbo,plains zebra,4,d_plains_zebra_004.png,1152,864,29.99
sd35-large-turbo,plains zebra,5,d_plains_zebra_005.png,1152,864,29.58
sd35-large-turbo,plains zebra,6,d_plains_zebra_006.png,1152,864,30.23
sd35-large-turbo,plains zebra,7,d_plains_zebra_007.png,1152,864,30.12
sd35-large-turbo,plains zebra,8,d_plains_zebra_008.png,1152,864,29.8
sd35-large-turbo,plains zebra,9,d_plains_zebra_009.png,1152,864,29.08
sd35-large-turbo,plains zebra,10,d_plains_zebra_010.png,1152,864,29.91
sd35-large-turbo,plains zebra,11,d_plains_zebra_011.png,1152,864,30.19
sd35-large-turbo,plains zebra,12,d_plains_zebra_012.png,1152,864,29.6
sd35-large-turbo,plains zebra,13,d_plains_zebra_013.png,1152,864,29.26
sd35-large-turbo,plains zebra,14,d_plains_zebra_014.png,1152,864,30.73
sd35-large-turbo,plains zebra,15,d_plains_zebra_015.png,1152,864,28.86
sd35-large-turbo,plains zebra,16,d_plains_zebra_016.png,1152,864,24.14
sd35-large-turbo,plains zebra,17,d_plains_zebra_017.png,1152,864,28.29
sd35-large-turbo,plains zebra,18,d_plains_zebra_018.png,1152,864,23.35
sd35-large-turbo,plains zebra,19,d_plains_zebra_019.png,1152,864,27.57
sd35-large-turbo,plains zebra,20,d_plains_zebra_020.png,1152,864,23.63
sd35-large-turbo,plains zebra,21,d_plains_zebra_021.png,1152,864,28.1
sd35-large-turbo,plains zebra,22,d_plains_zebra_022.png,1152,864,27.78
sd35-large-turbo,plains zebra,23,d_plains_zebra_023.png,1152,864,28.15
sd35-large-turbo,plains zebra,24,d_plains_zebra_024.png,1152,864,24.52
sd35-large-turbo,plains zebra,25,d_plains_zebra_025.png,1152,864,28.95
sd35-large-turbo,plains zebra,26,d_plains_zebra_026.png,1152,864,24.17
sd35-large-turbo,plains zebra,27,d_plains_zebra_027.png,1152,864,27.59
sd35-large-turbo,plains zebra,28,d_plains_zebra_028.png,1152,864,28.92
sd35-large-turbo,plains zebra,29,d_plains_zebra_029.png,1152,864,28.82
sd35-large-turbo,plains zebra,30,d_plains_zebra_030.png,1152,864,23.82
sd35-large-turbo,plains zebra,31,d_plains_zebra_031.png,1152,864,26.32
sd35-large-turbo,plains zebra,32,d_plains_zebra_032.png,1152,864,23.36
sd35-large-turbo,plains zebra,33,d_plains_zebra_033.png,1152,864,25.73
sd35-large-turbo,plains zebra,34,d_plains_zebra_034.png,1152,864,24.97
sd35-large-turbo,plains zebra,35,d_plains_zebra_035.png,1152,864,27.61
sd35-large-turbo,plains zebra,36,d_plains_zebra_036.png,1152,864,24.06
sd35-large-turbo,plains zebra,37,d_plains_zebra_037.png,1152,864,29.14
sd35-large-turbo,plains zebra,38,d_plains_zebra_038.png,1152,864,27.79
sd35-large-turbo,plains zebra,39,d_plains_zebra_039.png,1152,864,27.59
sd35-large-turbo,plains zebra,40,d_plains_zebra_040.png,1152,864,23.42
sd35-large-turbo,plains zebra,41,d_plains_zebra_041.png,1152,864,27.27
sd35-large-turbo,plains zebra,42,d_plains_zebra_042.png,1152,864,26.46
sd35-large-turbo,plains zebra,43,d_plains_zebra_043.png,1152,864,23.15
sd35-large-turbo,plains zebra,44,d_plains_zebra_044.png,1152,864,27.32
sd35-large-turbo,plains zebra,45,d_plains_zebra_045.png,1152,864,27.85
sd35-large-turbo,plains zebra,46,d_plains_zebra_046.png,1152,864,28.1
sd35-large-turbo,plains zebra,47,d_plains_zebra_047.png,1152,864,28.63
sd35-large-turbo,plains zebra,48,d_plains_zebra_048.png,1152,864,29.07
sd35-large-turbo,plains zebra,49,d_plains_zebra_049.png,1152,864,28.82
sd35-large-turbo,plains zebra,50,d_plains_zebra_050.png,1152,864,28.32
sd35-large-turbo,plains zebra,51,d_plains_zebra_051.png,1152,864,24.14
sd35-large-turbo,plains zebra,52,d_plains_zebra_052.png,1152,864,27.97
sd35-large-turbo,plains zebra,53,d_plains_zebra_053.png,1152,864,23.65
sd35-large-turbo,plains zebra,54,d_plains_zebra_054.png,1152,864,27.55
sd35-large-turbo,plains zebra,55,d_plains_zebra_055.png,1152,864,27.76
sd35-large-turbo,plains zebra,56,d_plains_zebra_056.png,1152,864,29.19
sd35-large-turbo,plains zebra,57,d_plains_zebra_057.png,1152,864,28.37
sd35-large-turbo,plains zebra,58,d_plains_zebra_058.png,1152,864,28.11
sd35-large-turbo,plains zebra,59,d_plains_zebra_059.png,1152,864,27.67
sd35-large-turbo,plains zebra,60,d_plains_zebra_060.png,1152,864,27.49
sd35-large-turbo,plains zebra,61,d_plains_zebra_061.png,1152,864,26.34
sd35-large-turbo,plains zebra,62,d_plains_zebra_062.png,1152,864,25.84
sd35-large-turbo,plains zebra,63,d_plains_zebra_063.png,1152,864,26.72
sd35-large-turbo,plains zebra,64,d_plains_zebra_064.png,1152,864,26.27
sd35-large-turbo,plains zebra,65,d_plains_zebra_065.png,1152,864,26.38
sd35-large-turbo,plains zebra,66,d_plains_zebra_066.png,1152,864,28.41
sd35-large-turbo,plains zebra,67,d_plains_zebra_067.png,1152,864,27.92
sd35-large-turbo,plains zebra,68,d_plains_zebra_068.png,1152,864,26.18
sd35-large-turbo,plains zebra,69,d_plains_zebra_069.png,1152,864,23.21
sd35-large-turbo,plains zebra,70,d_plains_zebra_070.png,1152,864,25.32
sd35-large-turbo,plains zebra,71,d_plains_zebra_071.png,1152,864,27.63
sd35-large-turbo,plains zebra,72,d_plains_zebra_072.png,1152,864,26.08
sd35-large-turbo,plains zebra,73,d_plains_zebra_073.png,1152,864,24.62
sd35-large-turbo,plains zebra,74,d_plains_zebra_074.png,1152,864,25.8
sd35-large-turbo,plains zebra,75,d_plains_zebra_075.png,1152,864,23.58
sd35-large-turbo,plains zebra,76,d_plains_zebra_076.png,1152,864,24.08
sd35-large-turbo,plains zebra,77,d_plains_zebra_077.png,1152,864,26.52
sd35-large-turbo,plains zebra,78,d_plains_zebra_078.png,1152,864,27.14
sd35-large-turbo,plains zebra,79,d_plains_zebra_079.png,1152,864,26.23
sd35-large-turbo,plains zebra,80,d_plains_zebra_080.png,1152,864,25.19
sd35-large-turbo,plains zebra,81,d_plains_zebra_081.png,1152,864,27.78
sd35-large-turbo,plains zebra,82,d_plains_zebra_082.png,1152,864,26.13
sd35-large-turbo,plains zebra,83,d_plains_zebra_083.png,1152,864,26.54
sd35-large-turbo,plains zebra,84,d_plains_zebra_084.png,1152,864,26.92
sd35-large-turbo,plains zebra,85,d_plains_zebra_085.png,1152,864,27.37
sd35-large-turbo,plains zebra,86,d_plains_zebra_086.png,1152,864,26.72
sd35-large-turbo,plains zebra,87,d_plains_zebra_087.png,1152,864,26.99
sd35-large-turbo,plains zebra,88,d_plains_zebra_088.png,1152,864,26.9
sd35-large-turbo,plains zebra,89,d_plains_zebra_089.png,1152,864,27.18
sd35-large-turbo,plains zebra,90,d_plains_zebra_090.png,1152,864,29.54
sd35-large-turbo,plains zebra,91,d_plains_zebra_091.png,1152,864,23.92
sd35-large-turbo,plains zebra,92,d_plains_zebra_092.png,1152,864,23.46
sd35-large-turbo,plains zebra,93,d_plains_zebra_093.png,1152,864,22.98
sd35-large-turbo,plains zebra,94,d_plains_zebra_094.png,1152,864,23.32
sd35-large-turbo,plains zebra,95,d_plains_zebra_095.png,1152,864,23.25
sd35-large-turbo,plains zebra,96,d_plains_zebra_096.png,1152,864,22.76
sd35-large-turbo,plains zebra,97,d_plains_zebra_097.png,1152,864,23.02
sd35-large-turbo,plains zebra,98,d_plains_zebra_098.png,1152,864,22.77
sd35-large-turbo,plains zebra,99,d_plains_zebra_099.png,1152,864,23.21
sd35-large-turbo,plains zebra,100,d_plains_zebra_100.png,1152,864,22.92
sd35-large-turbo,grevy's zebra,1,b_grevy_s_zebra_001.png,1152,864,23.37
sd35-large-turbo,grevy's zebra,2,b_grevy_s_zebra_002.png,1152,864,23.87
sd35-large-turbo,grevy's zebra,3,b_grevy_s_zebra_003.png,1152,864,23.5
sd35-large-turbo,grevy's zebra,4,b_grevy_s_zebra_004.png,1152,864,23.8
sd35-large-turbo,grevy's zebra,5,b_grevy_s_zebra_005.png,1152,864,23.38
sd35-large-turbo,grevy's zebra,6,b_grevy_s_zebra_006.png,1152,864,23.52
sd35-large-turbo,grevy's zebra,7,b_grevy_s_zebra_007.png,1152,864,22.95
sd35-large-turbo,grevy's zebra,8,b_grevy_s_zebra_008.png,1152,864,22.98
sd35-large-turbo,grevy's zebra,9,b_grevy_s_zebra_009.png,1152,864,22.77
sd35-large-turbo,grevy's zebra,10,b_grevy_s_zebra_010.png,1152,864,22.88
sd35-large-turbo,grevy's zebra,11,b_grevy_s_zebra_011.png,1152,864,22.59
sd35-large-turbo,grevy's zebra,12,b_grevy_s_zebra_012.png,1152,864,23.25
sd35-large-turbo,grevy's zebra,13,b_grevy_s_zebra_013.png,1152,864,22.66
sd35-large-turbo,grevy's zebra,14,b_grevy_s_zebra_014.png,1152,864,23.17
sd35-large-turbo,grevy's zebra,15,b_grevy_s_zebra_015.png,1152,864,23.55
sd35-large-turbo,grevy's zebra,16,b_grevy_s_zebra_016.png,1152,864,23.23
sd35-large-turbo,grevy's zebra,17,b_grevy_s_zebra_017.png,1152,864,23.39
sd35-large-turbo,grevy's zebra,18,b_grevy_s_zebra_018.png,1152,864,23.05
sd35-large-turbo,grevy's zebra,19,b_grevy_s_zebra_019.png,1152,864,23.02
sd35-large-turbo,grevy's zebra,20,b_grevy_s_zebra_020.png,1152,864,23.23
sd35-large-turbo,grevy's zebra,21,b_grevy_s_zebra_021.png,1152,864,22.9
sd35-large-turbo,grevy's zebra,22,b_grevy_s_zebra_022.png,1152,864,23.03
sd35-large-turbo,grevy's zebra,23,b_grevy_s_zebra_023.png,1152,864,22.72
sd35-large-turbo,grevy's zebra,24,b_grevy_s_zebra_024.png,1152,864,22.74
sd35-large-turbo,grevy's zebra,25,b_grevy_s_zebra_025.png,1152,864,23.4
sd35-large-turbo,grevy's zebra,26,b_grevy_s_zebra_026.png,1152,864,22.96
sd35-large-turbo,grevy's zebra,27,b_grevy_s_zebra_027.png,1152,864,23.58
sd35-large-turbo,grevy's zebra,28,b_grevy_s_zebra_028.png,1152,864,24.01
sd35-large-turbo,grevy's zebra,29,b_grevy_s_zebra_029.png,1152,864,23.42
sd35-large-turbo,grevy's zebra,30,b_grevy_s_zebra_030.png,1152,864,23.84
sd35-large-turbo,grevy's zebra,31,b_grevy_s_zebra_031.png,1152,864,23.09
sd35-large-turbo,grevy's zebra,32,b_grevy_s_zebra_032.png,1152,864,23.37
sd35-large-turbo,grevy's zebra,33,b_grevy_s_zebra_033.png,1152,864,22.75
sd35-large-turbo,grevy's zebra,34,b_grevy_s_zebra_034.png,1152,864,23.1
sd35-large-turbo,grevy's zebra,35,b_grevy_s_zebra_035.png,1152,864,22.9
sd35-large-turbo,grevy's zebra,36,b_grevy_s_zebra_036.png,1152,864,22.83
sd35-large-turbo,grevy's zebra,37,b_grevy_s_zebra_037.png,1152,864,22.96
sd35-large-turbo,grevy's zebra,38,b_grevy_s_zebra_038.png,1152,864,22.86
sd35-large-turbo,grevy's zebra,39,b_grevy_s_zebra_039.png,1152,864,23.05
sd35-large-turbo,grevy's zebra,40,b_grevy_s_zebra_040.png,1152,864,23.74
sd35-large-turbo,grevy's zebra,41,b_grevy_s_zebra_041.png,1152,864,23.19
sd35-large-turbo,grevy's zebra,42,b_grevy_s_zebra_042.png,1152,864,23.78
sd35-large-turbo,grevy's zebra,43,b_grevy_s_zebra_043.png,1152,864,24.82
sd35-large-turbo,grevy's zebra,44,b_grevy_s_zebra_044.png,1152,864,22.93
sd35-large-turbo,grevy's zebra,45,b_grevy_s_zebra_045.png,1152,864,23.14
sd35-large-turbo,grevy's zebra,46,b_grevy_s_zebra_046.png,1152,864,22.58
sd35-large-turbo,grevy's zebra,47,b_grevy_s_zebra_047.png,1152,864,23.11
sd35-large-turbo,grevy's zebra,48,b_grevy_s_zebra_048.png,1152,864,22.78
sd35-large-turbo,grevy's zebra,49,b_grevy_s_zebra_049.png,1152,864,22.25
sd35-large-turbo,grevy's zebra,50,b_grevy_s_zebra_050.png,1152,864,22.87
sd35-large-turbo,grevy's zebra,51,b_grevy_s_zebra_051.png,1152,864,22.85
sd35-large-turbo,grevy's zebra,52,b_grevy_s_zebra_052.png,1152,864,22.95
sd35-large-turbo,grevy's zebra,53,b_grevy_s_zebra_053.png,1152,864,23.46
sd35-large-turbo,grevy's zebra,54,b_grevy_s_zebra_054.png,1152,864,23.04
sd35-large-turbo,grevy's zebra,55,b_grevy_s_zebra_055.png,1152,864,23.52
sd35-large-turbo,grevy's zebra,56,b_grevy_s_zebra_056.png,1152,864,22.96
sd35-large-turbo,grevy's zebra,57,b_grevy_s_zebra_057.png,1152,864,22.71
sd35-large-turbo,grevy's zebra,58,b_grevy_s_zebra_058.png,1152,864,22.81
sd35-large-turbo,grevy's zebra,59,b_grevy_s_zebra_059.png,1152,864,22.62
sd35-large-turbo,grevy's zebra,60,b_grevy_s_zebra_060.png,1152,864,22.78
sd35-large-turbo,grevy's zebra,61,b_grevy_s_zebra_061.png,1152,864,22.6
sd35-large-turbo,grevy's zebra,62,b_grevy_s_zebra_062.png,1152,864,22.7
sd35-large-turbo,grevy's zebra,63,b_grevy_s_zebra_063.png,1152,864,22.86
sd35-large-turbo,grevy's zebra,64,b_grevy_s_zebra_064.png,1152,864,22.46
sd35-large-turbo,grevy's zebra,65,b_grevy_s_zebra_065.png,1152,864,23.25
sd35-large-turbo,grevy's zebra,66,b_grevy_s_zebra_066.png,1152,864,23.55
sd35-large-turbo,grevy's zebra,67,b_grevy_s_zebra_067.png,1152,864,23.26
sd35-large-turbo,grevy's zebra,68,b_grevy_s_zebra_068.png,1152,864,23.52
sd35-large-turbo,grevy's zebra,69,b_grevy_s_zebra_069.png,1152,864,23.24
sd35-large-turbo,grevy's zebra,70,b_grevy_s_zebra_070.png,1152,864,22.88
sd35-large-turbo,grevy's zebra,71,b_grevy_s_zebra_071.png,1152,864,22.86
sd35-large-turbo,grevy's zebra,72,b_grevy_s_zebra_072.png,1152,864,22.78
sd35-large-turbo,grevy's zebra,73,b_grevy_s_zebra_073.png,1152,864,23.0
sd35-large-turbo,grevy's zebra,74,b_grevy_s_zebra_074.png,1152,864,22.64
sd35-large-turbo,grevy's zebra,75,b_grevy_s_zebra_075.png,1152,864,22.79
sd35-large-turbo,grevy's zebra,76,b_grevy_s_zebra_076.png,1152,864,22.89
sd35-large-turbo,grevy's zebra,77,b_grevy_s_zebra_077.png,1152,864,22.81
sd35-large-turbo,grevy's zebra,78,b_grevy_s_zebra_078.png,1152,864,23.17
sd35-large-turbo,grevy's zebra,79,b_grevy_s_zebra_079.png,1152,864,23.22
sd35-large-turbo,grevy's zebra,80,b_grevy_s_zebra_080.png,1152,864,23.1
sd35-large-turbo,grevy's zebra,81,b_grevy_s_zebra_081.png,1152,864,23.58
sd35-large-turbo,grevy's zebra,82,b_grevy_s_zebra_082.png,1152,864,22.92
sd35-large-turbo,grevy's zebra,83,b_grevy_s_zebra_083.png,1152,864,22.94
sd35-large-turbo,grevy's zebra,84,b_grevy_s_zebra_084.png,1152,864,22.93
sd35-large-turbo,grevy's zebra,85,b_grevy_s_zebra_085.png,1152,864,22.84
sd35-large-turbo,grevy's zebra,86,b_grevy_s_zebra_086.png,1152,864,22.7
sd35-large-turbo,grevy's zebra,87,b_grevy_s_zebra_087.png,1152,864,22.51
sd35-large-turbo,grevy's zebra,88,b_grevy_s_zebra_088.png,1152,864,22.9
sd35-large-turbo,grevy's zebra,89,b_grevy_s_zebra_089.png,1152,864,22.8
sd35-large-turbo,grevy's zebra,90,b_grevy_s_zebra_090.png,1152,864,22.7
sd35-large-turbo,grevy's zebra,91,b_grevy_s_zebra_091.png,1152,864,23.45
sd35-large-turbo,grevy's zebra,92,b_grevy_s_zebra_092.png,1152,864,23.1
sd35-large-turbo,grevy's zebra,93,b_grevy_s_zebra_093.png,1152,864,23.31
sd35-large-turbo,grevy's zebra,94,b_grevy_s_zebra_094.png,1152,864,23.49
sd35-large-turbo,grevy's zebra,95,b_grevy_s_zebra_095.png,1152,864,22.89
sd35-large-turbo,grevy's zebra,96,b_grevy_s_zebra_096.png,1152,864,23.19
sd35-large-turbo,grevy's zebra,97,b_grevy_s_zebra_097.png,1152,864,22.8
sd35-large-turbo,grevy's zebra,98,b_grevy_s_zebra_098.png,1152,864,22.79
sd35-large-turbo,grevy's zebra,99,b_grevy_s_zebra_099.png,1152,864,22.7
sd35-large-turbo,grevy's zebra,100,b_grevy_s_zebra_100.png,1152,864,22.71
sd35-large-turbo,mountain zebra,1,d_mountain_zebra_001.png,1152,864,22.66
sd35-large-turbo,mountain zebra,2,d_mountain_zebra_002.png,1152,864,22.82
sd35-large-turbo,mountain zebra,3,d_mountain_zebra_003.png,1152,864,23.36
sd35-large-turbo,mountain zebra,4,d_mountain_zebra_004.png,1152,864,24.06
sd35-large-turbo,mountain zebra,5,d_mountain_zebra_005.png,1152,864,23.63
sd35-large-turbo,mountain zebra,6,d_mountain_zebra_006.png,1152,864,23.57
sd35-large-turbo,mountain zebra,7,d_mountain_zebra_007.png,1152,864,23.37
sd35-large-turbo,mountain zebra,8,d_mountain_zebra_008.png,1152,864,23.27
sd35-large-turbo,mountain zebra,9,d_mountain_zebra_009.png,1152,864,23.33
sd35-large-turbo,mountain zebra,10,d_mountain_zebra_010.png,1152,864,24.32
sd35-large-turbo,mountain zebra,11,d_mountain_zebra_011.png,1152,864,24.16
sd35-large-turbo,mountain zebra,12,d_mountain_zebra_012.png,1152,864,24.0
sd35-large-turbo,mountain zebra,13,d_mountain_zebra_013.png,1152,864,23.64
sd35-large-turbo,mountain zebra,14,d_mountain_zebra_014.png,1152,864,23.72
sd35-large-turbo,mountain zebra,15,d_mountain_zebra_015.png,1152,864,23.19
sd35-large-turbo,mountain zebra,16,d_mountain_zebra_016.png,1152,864,23.55
sd35-large-turbo,mountain zebra,17,d_mountain_zebra_017.png,1152,864,23.37
sd35-large-turbo,mountain zebra,18,d_mountain_zebra_018.png,1152,864,23.72
sd35-large-turbo,mountain zebra,19,d_mountain_zebra_019.png,1152,864,23.98
sd35-large-turbo,mountain zebra,20,d_mountain_zebra_020.png,1152,864,23.1
sd35-large-turbo,mountain zebra,21,d_mountain_zebra_021.png,1152,864,23.14
sd35-large-turbo,mountain zebra,22,d_mountain_zebra_022.png,1152,864,23.0
sd35-large-turbo,mountain zebra,23,d_mountain_zebra_023.png,1152,864,22.85
sd35-large-turbo,mountain zebra,24,d_mountain_zebra_024.png,1152,864,22.82
sd35-large-turbo,mountain zebra,25,d_mountain_zebra_025.png,1152,864,22.52
sd35-large-turbo,mountain zebra,26,d_mountain_zebra_026.png,1152,864,22.93
sd35-large-turbo,mountain zebra,27,d_mountain_zebra_027.png,1152,864,22.57
sd35-large-turbo,mountain zebra,28,d_mountain_zebra_028.png,1152,864,23.13
sd35-large-turbo,mountain zebra,29,d_mountain_zebra_029.png,1152,864,23.47
sd35-large-turbo,mountain zebra,30,d_mountain_zebra_030.png,1152,864,23.28
sd35-large-turbo,mountain zebra,31,d_mountain_zebra_031.png,1152,864,23.54
sd35-large-turbo,mountain zebra,32,d_mountain_zebra_032.png,1152,864,23.28
sd35-large-turbo,mountain zebra,33,d_mountain_zebra_033.png,1152,864,22.98
sd35-large-turbo,mountain zebra,34,d_mountain_zebra_034.png,1152,864,23.04
sd35-large-turbo,mountain zebra,35,d_mountain_zebra_035.png,1152,864,22.67
sd35-large-turbo,mountain zebra,36,d_mountain_zebra_036.png,1152,864,22.88
sd35-large-turbo,mountain zebra,37,d_mountain_zebra_037.png,1152,864,22.8
sd35-large-turbo,mountain zebra,38,d_mountain_zebra_038.png,1152,864,22.29
sd35-large-turbo,mountain zebra,39,d_mountain_zebra_039.png,1152,864,22.97
sd35-large-turbo,mountain zebra,40,d_mountain_zebra_040.png,1152,864,22.7
sd35-large-turbo,mountain zebra,41,d_mountain_zebra_041.png,1152,864,23.18
sd35-large-turbo,mountain zebra,42,d_mountain_zebra_042.png,1152,864,23.49
sd35-large-turbo,mountain zebra,43,d_mountain_zebra_043.png,1152,864,23.08
sd35-large-turbo,mountain zebra,44,d_mountain_zebra_044.png,1152,864,23.77
sd35-large-turbo,mountain zebra,45,d_mountain_zebra_045.png,1152,864,23.34
sd35-large-turbo,mountain zebra,46,d_mountain_zebra_046.png,1152,864,22.96
sd35-large-turbo,mountain zebra,47,d_mountain_zebra_047.png,1152,864,22.96
sd35-large-turbo,mountain zebra,48,d_mountain_zebra_048.png,1152,864,22.85
sd35-large-turbo,mountain zebra,49,d_mountain_zebra_049.png,1152,864,22.98
sd35-large-turbo,mountain zebra,50,d_mountain_zebra_050.png,1152,864,23.09
sd35-large-turbo,mountain zebra,51,d_mountain_zebra_051.png,1152,864,22.54
sd35-large-turbo,mountain zebra,52,d_mountain_zebra_052.png,1152,864,23.01
sd35-large-turbo,mountain zebra,53,d_mountain_zebra_053.png,1152,864,22.84
sd35-large-turbo,mountain zebra,54,d_mountain_zebra_054.png,1152,864,23.53
sd35-large-turbo,mountain zebra,55,d_mountain_zebra_055.png,1152,864,23.56
sd35-large-turbo,mountain zebra,56,d_mountain_zebra_056.png,1152,864,23.45
sd35-large-turbo,mountain zebra,57,d_mountain_zebra_057.png,1152,864,23.82
sd35-large-turbo,mountain zebra,58,d_mountain_zebra_058.png,1152,864,23.11
sd35-large-turbo,mountain zebra,59,d_mountain_zebra_059.png,1152,864,22.93
sd35-large-turbo,mountain zebra,60,d_mountain_zebra_060.png,1152,864,23.0
sd35-large-turbo,mountain zebra,61,d_mountain_zebra_061.png,1152,864,22.84
sd35-large-turbo,mountain zebra,62,d_mountain_zebra_062.png,1152,864,22.89
sd35-large-turbo,mountain zebra,63,d_mountain_zebra_063.png,1152,864,22.55
sd35-large-turbo,mountain zebra,64,d_mountain_zebra_064.png,1152,864,22.68
sd35-large-turbo,mountain zebra,65,d_mountain_zebra_065.png,1152,864,22.74
sd35-large-turbo,mountain zebra,66,d_mountain_zebra_066.png,1152,864,22.86
sd35-large-turbo,mountain zebra,67,d_mountain_zebra_067.png,1152,864,23.4
sd35-large-turbo,mountain zebra,68,d_mountain_zebra_068.png,1152,864,23.51
sd35-large-turbo,mountain zebra,69,d_mountain_zebra_069.png,1152,864,23.17
sd35-large-turbo,mountain zebra,70,d_mountain_zebra_070.png,1152,864,23.5
sd35-large-turbo,mountain zebra,71,d_mountain_zebra_071.png,1152,864,22.81
sd35-large-turbo,mountain zebra,72,d_mountain_zebra_072.png,1152,864,23.41
sd35-large-turbo,mountain zebra,73,d_mountain_zebra_073.png,1152,864,23.1
sd35-large-turbo,mountain zebra,74,d_mountain_zebra_074.png,1152,864,22.8
sd35-large-turbo,mountain zebra,75,d_mountain_zebra_075.png,1152,864,22.9
sd35-large-turbo,mountain zebra,76,d_mountain_zebra_076.png,1152,864,22.53
sd35-large-turbo,mountain zebra,77,d_mountain_zebra_077.png,1152,864,22.75
sd35-large-turbo,mountain zebra,78,d_mountain_zebra_078.png,1152,864,22.82
sd35-large-turbo,mountain zebra,79,d_mountain_zebra_079.png,1152,864,22.67
sd35-large-turbo,mountain zebra,80,d_mountain_zebra_080.png,1152,864,23.89
sd35-large-turbo,mountain zebra,81,d_mountain_zebra_081.png,1152,864,23.77
sd35-large-turbo,mountain zebra,82,d_mountain_zebra_082.png,1152,864,23.68
sd35-large-turbo,mountain zebra,83,d_mountain_zebra_083.png,1152,864,23.58
sd35-large-turbo,mountain zebra,84,d_mountain_zebra_084.png,1152,864,23.09
sd35-large-turbo,mountain zebra,85,d_mountain_zebra_085.png,1152,864,23.37
sd35-large-turbo,mountain zebra,86,d_mountain_zebra_086.png,1152,864,22.93
sd35-large-turbo,mountain zebra,87,d_mountain_zebra_087.png,1152,864,23.1
sd35-large-turbo,mountain zebra,88,d_mountain_zebra_088.png,1152,864,23.27
sd35-large-turbo,mountain zebra,89,d_mountain_zebra_089.png,1152,864,22.97
sd35-large-turbo,mountain zebra,90,d_mountain_zebra_090.png,1152,864,24.18
sd35-large-turbo,mountain zebra,91,d_mountain_zebra_091.png,1152,864,23.47
sd35-large-turbo,mountain zebra,92,d_mountain_zebra_092.png,1152,864,23.99
sd35-large-turbo,mountain zebra,93,d_mountain_zebra_093.png,1152,864,24.3
sd35-large-turbo,mountain zebra,94,d_mountain_zebra_094.png,1152,864,24.12
sd35-large-turbo,mountain zebra,95,d_mountain_zebra_095.png,1152,864,23.92
sd35-large-turbo,mountain zebra,96,d_mountain_zebra_096.png,1152,864,23.36
sd35-large-turbo,mountain zebra,97,d_mountain_zebra_097.png,1152,864,23.16
sd35-large-turbo,mountain zebra,98,d_mountain_zebra_098.png,1152,864,22.97
sd35-large-turbo,mountain zebra,99,d_mountain_zebra_099.png,1152,864,22.65
sd35-large-turbo,mountain zebra,100,d_mountain_zebra_100.png,1152,864,23.1
sd35-large-turbo,red fox,1,d_red_fox_001.png,1152,864,22.57
sd35-large-turbo,red fox,2,d_red_fox_002.png,1152,864,22.72
sd35-large-turbo,red fox,3,d_red_fox_003.png,1152,864,22.83
sd35-large-turbo,red fox,4,d_red_fox_004.png,1152,864,22.95
sd35-large-turbo,red fox,5,d_red_fox_005.png,1152,864,23.68
sd35-large-turbo,red fox,6,d_red_fox_006.png,1152,864,23.26
sd35-large-turbo,red fox,7,d_red_fox_007.png,1152,864,23.53
sd35-large-turbo,red fox,8,d_red_fox_008.png,1152,864,23.74
sd35-large-turbo,red fox,9,d_red_fox_009.png,1152,864,22.77
sd35-large-turbo,red fox,10,d_red_fox_010.png,1152,864,23.42
sd35-large-turbo,red fox,11,d_red_fox_011.png,1152,864,22.84
sd35-large-turbo,red fox,12,d_red_fox_012.png,1152,864,22.74
sd35-large-turbo,red fox,13,d_red_fox_013.png,1152,864,22.69
sd35-large-turbo,red fox,14,d_red_fox_014.png,1152,864,22.84
sd35-large-turbo,red fox,15,d_red_fox_015.png,1152,864,22.93
sd35-large-turbo,red fox,16,d_red_fox_016.png,1152,864,22.98
sd35-large-turbo,red fox,17,d_red_fox_017.png,1152,864,23.13
sd35-large-turbo,red fox,18,d_red_fox_018.png,1152,864,23.71
sd35-large-turbo,red fox,19,d_red_fox_019.png,1152,864,23.47
sd35-large-turbo,red fox,20,d_red_fox_020.png,1152,864,23.76
sd35-large-turbo,red fox,21,d_red_fox_021.png,1152,864,23.13
sd35-large-turbo,red fox,22,d_red_fox_022.png,1152,864,22.76
sd35-large-turbo,red fox,23,d_red_fox_023.png,1152,864,22.9
sd35-large-turbo,red fox,24,d_red_fox_024.png,1152,864,22.79
sd35-large-turbo,red fox,25,d_red_fox_025.png,1152,864,22.9
sd35-large-turbo,red fox,26,d_red_fox_026.png,1152,864,22.54
sd35-large-turbo,red fox,27,d_red_fox_027.png,1152,864,22.67
sd35-large-turbo,red fox,28,d_red_fox_028.png,1152,864,23.29
sd35-large-turbo,red fox,29,d_red_fox_029.png,1152,864,22.67
sd35-large-turbo,red fox,30,d_red_fox_030.png,1152,864,23.21
sd35-large-turbo,red fox,31,d_red_fox_031.png,1152,864,23.47
sd35-large-turbo,red fox,32,d_red_fox_032.png,1152,864,23.45
sd35-large-turbo,red fox,33,d_red_fox_033.png,1152,864,23.88
sd35-large-turbo,red fox,34,d_red_fox_034.png,1152,864,23.3
sd35-large-turbo,red fox,35,d_red_fox_035.png,1152,864,23.06
sd35-large-turbo,red fox,36,d_red_fox_036.png,1152,864,23.2
sd35-large-turbo,red fox,37,d_red_fox_037.png,1152,864,22.75
sd35-large-turbo,red fox,38,d_red_fox_038.png,1152,864,23.22
sd35-large-turbo,red fox,39,d_red_fox_039.png,1152,864,22.96
sd35-large-turbo,red fox,40,d_red_fox_040.png,1152,864,22.98
sd35-large-turbo,red fox,41,d_red_fox_041.png,1152,864,22.96
sd35-large-turbo,red fox,42,d_red_fox_042.png,1152,864,22.89
sd35-large-turbo,red fox,43,d_red_fox_043.png,1152,864,23.48
sd35-large-turbo,red fox,44,d_red_fox_044.png,1152,864,23.61
sd35-large-turbo,red fox,45,d_red_fox_045.png,1152,864,23.58
sd35-large-turbo,red fox,46,d_red_fox_046.png,1152,864,23.48
sd35-large-turbo,red fox,47,d_red_fox_047.png,1152,864,23.13
sd35-large-turbo,red fox,48,d_red_fox_048.png,1152,864,23.53
sd35-large-turbo,red fox,49,d_red_fox_049.png,1152,864,22.98
sd35-large-turbo,red fox,50,d_red_fox_050.png,1152,864,22.89
sd35-large-turbo,red fox,51,d_red_fox_051.png,1152,864,22.99
sd35-large-turbo,red fox,52,d_red_fox_052.png,1152,864,22.99
sd35-large-turbo,red fox,53,d_red_fox_053.png,1152,864,22.9
sd35-large-turbo,red fox,54,d_red_fox_054.png,1152,864,23.03
sd35-large-turbo,red fox,55,d_red_fox_055.png,1152,864,22.89
sd35-large-turbo,red fox,56,d_red_fox_056.png,1152,864,24.02
sd35-large-turbo,red fox,57,d_red_fox_057.png,1152,864,24.12
sd35-large-turbo,red fox,58,d_red_fox_058.png,1152,864,23.83
sd35-large-turbo,red fox,59,d_red_fox_059.png,1152,864,23.66
sd35-large-turbo,red fox,60,d_red_fox_060.png,1152,864,23.19
sd35-large-turbo,red fox,61,d_red_fox_061.png,1152,864,23.08
sd35-large-turbo,red fox,62,d_red_fox_062.png,1152,864,22.9
sd35-large-turbo,red fox,63,d_red_fox_063.png,1152,864,23.15
sd35-large-turbo,red fox,64,d_red_fox_064.png,1152,864,23.34
sd35-large-turbo,red fox,65,d_red_fox_065.png,1152,864,22.89
sd35-large-turbo,red fox,66,d_red_fox_066.png,1152,864,23.12
sd35-large-turbo,red fox,67,d_red_fox_067.png,1152,864,23.1
sd35-large-turbo,red fox,68,d_red_fox_068.png,1152,864,23.5
sd35-large-turbo,red fox,69,d_red_fox_069.png,1152,864,23.57
sd35-large-turbo,red fox,70,d_red_fox_070.png,1152,864,23.7
sd35-large-turbo,red fox,71,d_red_fox_071.png,1152,864,24.09
sd35-large-turbo,red fox,72,d_red_fox_072.png,1152,864,23.68
sd35-large-turbo,red fox,73,d_red_fox_073.png,1152,864,23.06
sd35-large-turbo,red fox,74,d_red_fox_074.png,1152,864,22.95
sd35-large-turbo,red fox,75,d_red_fox_075.png,1152,864,22.77
sd35-large-turbo,red fox,76,d_red_fox_076.png,1152,864,22.88
sd35-large-turbo,red fox,77,d_red_fox_077.png,1152,864,22.53
sd35-large-turbo,red fox,78,d_red_fox_078.png,1152,864,22.97
sd35-large-turbo,red fox,79,d_red_fox_079.png,1152,864,22.82
sd35-large-turbo,red fox,80,d_red_fox_080.png,1152,864,22.82
sd35-large-turbo,red fox,81,d_red_fox_081.png,1152,864,23.64
sd35-large-turbo,red fox,82,d_red_fox_082.png,1152,864,23.32
sd35-large-turbo,red fox,83,d_red_fox_083.png,1152,864,23.46
sd35-large-turbo,red fox,84,d_red_fox_084.png,1152,864,23.6
sd35-large-turbo,red fox,85,d_red_fox_085.png,1152,864,22.85
sd35-large-turbo,red fox,86,d_red_fox_086.png,1152,864,22.98
sd35-large-turbo,red fox,87,d_red_fox_087.png,1152,864,22.91
sd35-large-turbo,red fox,88,d_red_fox_088.png,1152,864,22.86
sd35-large-turbo,red fox,89,d_red_fox_089.png,1152,864,23.02
sd35-large-turbo,red fox,90,d_red_fox_090.png,1152,864,22.78
sd35-large-turbo,red fox,91,d_red_fox_091.png,1152,864,22.7
sd35-large-turbo,red fox,92,d_red_fox_092.png,1152,864,22.83
sd35-large-turbo,red fox,93,d_red_fox_093.png,1152,864,23.19
sd35-large-turbo,red fox,94,d_red_fox_094.png,1152,864,23.65
sd35-large-turbo,red fox,95,d_red_fox_095.png,1152,864,23.66
sd35-large-turbo,red fox,96,d_red_fox_096.png,1152,864,23.64
sd35-large-turbo,red fox,97,d_red_fox_097.png,1152,864,23.3
sd35-large-turbo,red fox,98,d_red_fox_098.png,1152,864,22.76
sd35-large-turbo,red fox,99,d_red_fox_099.png,1152,864,23.11
sd35-large-turbo,red fox,100,d_red_fox_100.png,1152,864,22.81
sd35-large-turbo,american black bear,1,d_american_black_bear_001.png,1152,864,23.0
sd35-large-turbo,american black bear,2,d_american_black_bear_002.png,1152,864,23.23
sd35-large-turbo,american black bear,3,d_american_black_bear_003.png,1152,864,22.75
sd35-large-turbo,american black bear,4,d_american_black_bear_004.png,1152,864,22.95
sd35-large-turbo,american black bear,5,d_american_black_bear_005.png,1152,864,22.79
sd35-large-turbo,american black bear,6,d_american_black_bear_006.png,1152,864,23.4
sd35-large-turbo,american black bear,7,d_american_black_bear_007.png,1152,864,23.41
sd35-large-turbo,american black bear,8,d_american_black_bear_008.png,1152,864,23.22
sd35-large-turbo,american black bear,9,d_american_black_bear_009.png,1152,864,23.76
sd35-large-turbo,american black bear,10,d_american_black_bear_010.png,1152,864,22.9
sd35-large-turbo,american black bear,11,d_american_black_bear_011.png,1152,864,22.99
sd35-large-turbo,american black bear,12,d_american_black_bear_012.png,1152,864,22.63
sd35-large-turbo,american black bear,13,d_american_black_bear_013.png,1152,864,22.28
sd35-large-turbo,american black bear,14,d_american_black_bear_014.png,1152,864,22.99
sd35-large-turbo,american black bear,15,d_american_black_bear_015.png,1152,864,22.63
sd35-large-turbo,american black bear,16,d_american_black_bear_016.png,1152,864,22.69
sd35-large-turbo,american black bear,17,d_american_black_bear_017.png,1152,864,22.68
sd35-large-turbo,american black bear,18,d_american_black_bear_018.png,1152,864,22.86
sd35-large-turbo,american black bear,19,d_american_black_bear_019.png,1152,864,23.09
sd35-large-turbo,american black bear,20,d_american_black_bear_020.png,1152,864,23.28
sd35-large-turbo,american black bear,21,d_american_black_bear_021.png,1152,864,23.43
sd35-large-turbo,american black bear,22,d_american_black_bear_022.png,1152,864,23.18
sd35-large-turbo,american black bear,23,d_american_black_bear_023.png,1152,864,22.81
sd35-large-turbo,american black bear,24,d_american_black_bear_024.png,1152,864,23.21
sd35-large-turbo,american black bear,25,d_american_black_bear_025.png,1152,864,23.18
sd35-large-turbo,american black bear,26,d_american_black_bear_026.png,1152,864,22.74
sd35-large-turbo,american black bear,27,d_american_black_bear_027.png,1152,864,23.14
sd35-large-turbo,american black bear,28,d_american_black_bear_028.png,1152,864,22.78
sd35-large-turbo,american black bear,29,d_american_black_bear_029.png,1152,864,23.01
sd35-large-turbo,american black bear,30,d_american_black_bear_030.png,1152,864,22.76
sd35-large-turbo,american black bear,31,d_american_black_bear_031.png,1152,864,22.61
sd35-large-turbo,american black bear,32,d_american_black_bear_032.png,1152,864,23.73
sd35-large-turbo,american black bear,33,d_american_black_bear_033.png,1152,864,23.34
sd35-large-turbo,american black bear,34,d_american_black_bear_034.png,1152,864,23.86
sd35-large-turbo,american black bear,35,d_american_black_bear_035.png,1152,864,23.37
sd35-large-turbo,american black bear,36,d_american_black_bear_036.png,1152,864,22.8
sd35-large-turbo,american black bear,37,d_american_black_bear_037.png,1152,864,22.97
sd35-large-turbo,american black bear,38,d_american_black_bear_038.png,1152,864,22.84
sd35-large-turbo,american black bear,39,d_american_black_bear_039.png,1152,864,23.34
sd35-large-turbo,american black bear,40,d_american_black_bear_040.png,1152,864,23.07
sd35-large-turbo,american black bear,41,d_american_black_bear_041.png,1152,864,22.71
sd35-large-turbo,american black bear,42,d_american_black_bear_042.png,1152,864,22.96
sd35-large-turbo,american black bear,43,d_american_black_bear_043.png,1152,864,22.79
sd35-large-turbo,american black bear,44,d_american_black_bear_044.png,1152,864,23.24
sd35-large-turbo,american black bear,45,d_american_black_bear_045.png,1152,864,23.44
sd35-large-turbo,american black bear,46,d_american_black_bear_046.png,1152,864,23.34
sd35-large-turbo,american black bear,47,d_american_black_bear_047.png,1152,864,23.49
sd35-large-turbo,american black bear,48,d_american_black_bear_048.png,1152,864,23.36
sd35-large-turbo,american black bear,49,d_american_black_bear_049.png,1152,864,22.99
sd35-large-turbo,american black bear,50,d_american_black_bear_050.png,1152,864,23.1
sd35-large-turbo,american black bear,51,d_american_black_bear_051.png,1152,864,22.6
sd35-large-turbo,american black bear,52,d_american_black_bear_052.png,1152,864,22.9
sd35-large-turbo,american black bear,53,d_american_black_bear_053.png,1152,864,22.76
sd35-large-turbo,american black bear,54,d_american_black_bear_054.png,1152,864,22.7
sd35-large-turbo,american black bear,55,d_american_black_bear_055.png,1152,864,23.04
sd35-large-turbo,american black bear,56,d_american_black_bear_056.png,1152,864,23.13
sd35-large-turbo,american black bear,57,d_american_black_bear_057.png,1152,864,23.35
sd35-large-turbo,american black bear,58,d_american_black_bear_058.png,1152,864,23.38
sd35-large-turbo,american black bear,59,d_american_black_bear_059.png,1152,864,23.61
sd35-large-turbo,american black bear,60,d_american_black_bear_060.png,1152,864,23.49
sd35-large-turbo,american black bear,61,d_american_black_bear_061.png,1152,864,23.16
sd35-large-turbo,american black bear,62,d_american_black_bear_062.png,1152,864,22.95
sd35-large-turbo,american black bear,63,d_american_black_bear_063.png,1152,864,22.75
sd35-large-turbo,american black bear,64,d_american_black_bear_064.png,1152,864,23.06
sd35-large-turbo,american black bear,65,d_american_black_bear_065.png,1152,864,23.31
sd35-large-turbo,american black bear,66,d_american_black_bear_066.png,1152,864,22.69
sd35-large-turbo,american black bear,67,d_american_black_bear_067.png,1152,864,22.99
sd35-large-turbo,american black bear,68,d_american_black_bear_068.png,1152,864,23.01
sd35-large-turbo,american black bear,69,d_american_black_bear_069.png,1152,864,23.19
sd35-large-turbo,american black bear,70,d_american_black_bear_070.png,1152,864,24.13
sd35-large-turbo,american black bear,71,d_american_black_bear_071.png,1152,864,23.68
sd35-large-turbo,american black bear,72,d_american_black_bear_072.png,1152,864,23.69
sd35-large-turbo,american black bear,73,d_american_black_bear_073.png,1152,864,23.54
sd35-large-turbo,american black bear,74,d_american_black_bear_074.png,1152,864,23.15
sd35-large-turbo,american black bear,75,d_american_black_bear_075.png,1152,864,23.47
sd35-large-turbo,american black bear,76,d_american_black_bear_076.png,1152,864,23.05
sd35-large-turbo,american black bear,77,d_american_black_bear_077.png,1152,864,22.95
sd35-large-turbo,american black bear,78,d_american_black_bear_078.png,1152,864,22.75
sd35-large-turbo,american black bear,79,d_american_black_bear_079.png,1152,864,22.83
sd35-large-turbo,american black bear,80,d_american_black_bear_080.png,1152,864,23.03
sd35-large-turbo,american black bear,81,d_american_black_bear_081.png,1152,864,22.74
sd35-large-turbo,american black bear,82,d_american_black_bear_082.png,1152,864,23.21
sd35-large-turbo,american black bear,83,d_american_black_bear_083.png,1152,864,23.48
sd35-large-turbo,american black bear,84,d_american_black_bear_084.png,1152,864,23.56
sd35-large-turbo,american black bear,85,d_american_black_bear_085.png,1152,864,23.55
sd35-large-turbo,american black bear,86,d_american_black_bear_086.png,1152,864,23.45
sd35-large-turbo,american black bear,87,d_american_black_bear_087.png,1152,864,23.19
sd35-large-turbo,american black bear,88,d_american_black_bear_088.png,1152,864,23.17
sd35-large-turbo,american black bear,89,d_american_black_bear_089.png,1152,864,22.97
sd35-large-turbo,american black bear,90,d_american_black_bear_090.png,1152,864,22.88
sd35-large-turbo,american black bear,91,d_american_black_bear_091.png,1152,864,22.9
sd35-large-turbo,american black bear,92,d_american_black_bear_092.png,1152,864,22.96
sd35-large-turbo,american black bear,93,d_american_black_bear_093.png,1152,864,23.15
sd35-large-turbo,american black bear,94,d_american_black_bear_094.png,1152,864,23.28
sd35-large-turbo,american black bear,95,d_american_black_bear_095.png,1152,864,23.65
sd35-large-turbo,american black bear,96,d_american_black_bear_096.png,1152,864,23.6
sd35-large-turbo,american black bear,97,d_american_black_bear_097.png,1152,864,23.72
sd35-large-turbo,american black bear,98,d_american_black_bear_098.png,1152,864,23.69
sd35-large-turbo,american black bear,99,d_american_black_bear_099.png,1152,864,23.24
sd35-large-turbo,american black bear,100,d_american_black_bear_100.png,1152,864,23.28
sd35-large-turbo,lion,3,d_lion_003.png,1152,864,23.02
sd35-large-turbo,lion,4,d_lion_004.png,1152,864,23.09
sd35-large-turbo,lion,5,d_lion_005.png,1152,864,23.04
sd35-large-turbo,lion,6,d_lion_006.png,1152,864,22.64
sd35-large-turbo,lion,7,d_lion_007.png,1152,864,23.0
sd35-large-turbo,lion,8,d_lion_008.png,1152,864,23.04
sd35-large-turbo,lion,9,d_lion_009.png,1152,864,23.07
sd35-large-turbo,lion,10,d_lion_010.png,1152,864,23.92
sd35-large-turbo,lion,11,d_lion_011.png,1152,864,24.07
sd35-large-turbo,lion,12,d_lion_012.png,1152,864,24.17
sd35-large-turbo,lion,13,d_lion_013.png,1152,864,23.58
sd35-large-turbo,lion,14,d_lion_014.png,1152,864,23.39
sd35-large-turbo,lion,15,d_lion_015.png,1152,864,23.65
sd35-large-turbo,lion,16,d_lion_016.png,1152,864,23.2
sd35-large-turbo,lion,17,d_lion_017.png,1152,864,23.22
sd35-large-turbo,lion,18,d_lion_018.png,1152,864,23.3
sd35-large-turbo,lion,19,d_lion_019.png,1152,864,23.27
sd35-large-turbo,lion,20,d_lion_020.png,1152,864,23.54
sd35-large-turbo,lion,21,d_lion_021.png,1152,864,22.91
sd35-large-turbo,lion,22,d_lion_022.png,1152,864,23.32
sd35-large-turbo,lion,23,d_lion_023.png,1152,864,23.67
sd35-large-turbo,lion,24,d_lion_024.png,1152,864,23.34
sd35-large-turbo,lion,25,d_lion_025.png,1152,864,23.73
sd35-large-turbo,lion,26,d_lion_026.png,1152,864,23.23
sd35-large-turbo,lion,27,d_lion_027.png,1152,864,23.2
sd35-large-turbo,lion,28,d_lion_028.png,1152,864,22.99
sd35-large-turbo,lion,29,d_lion_029.png,1152,864,22.6
sd35-large-turbo,lion,30,d_lion_030.png,1152,864,22.91
sd35-large-turbo,lion,31,d_lion_031.png,1152,864,22.7
sd35-large-turbo,lion,32,d_lion_032.png,1152,864,22.99
sd35-large-turbo,lion,33,d_lion_033.png,1152,864,23.1
sd35-large-turbo,lion,34,d_lion_034.png,1152,864,22.9
sd35-large-turbo,lion,35,d_lion_035.png,1152,864,23.24
sd35-large-turbo,lion,36,d_lion_036.png,1152,864,23.79
sd35-large-turbo,lion,37,d_lion_037.png,1152,864,23.87
sd35-large-turbo,lion,38,d_lion_038.png,1152,864,24.12
sd35-large-turbo,lion,39,d_lion_039.png,1152,864,23.16
sd35-large-turbo,lion,40,d_lion_040.png,1152,864,23.5
sd35-large-turbo,lion,41,d_lion_041.png,1152,864,22.84
sd35-large-turbo,lion,42,d_lion_042.png,1152,864,22.73
sd35-large-turbo,lion,43,d_lion_043.png,1152,864,22.9
sd35-large-turbo,lion,44,d_lion_044.png,1152,864,22.96
sd35-large-turbo,lion,45,d_lion_045.png,1152,864,23.2
sd35-large-turbo,lion,46,d_lion_046.png,1152,864,22.8
sd35-large-turbo,lion,47,d_lion_047.png,1152,864,23.33
sd35-large-turbo,lion,48,d_lion_048.png,1152,864,23.73
sd35-large-turbo,lion,49,d_lion_049.png,1152,864,23.55
sd35-large-turbo,lion,50,d_lion_050.png,1152,864,23.91
sd35-large-turbo,lion,51,d_lion_051.png,1152,864,23.42
sd35-large-turbo,lion,52,d_lion_052.png,1152,864,23.49
sd35-large-turbo,lion,53,d_lion_053.png,1152,864,23.34
sd35-large-turbo,lion,54,d_lion_054.png,1152,864,22.86
sd35-large-turbo,lion,55,d_lion_055.png,1152,864,23.15
sd35-large-turbo,lion,56,d_lion_056.png,1152,864,22.82
sd35-large-turbo,lion,57,d_lion_057.png,1152,864,22.64
sd35-large-turbo,lion,58,d_lion_058.png,1152,864,23.14
sd35-large-turbo,lion,59,d_lion_059.png,1152,864,22.77
sd35-large-turbo,lion,60,d_lion_060.png,1152,864,23.56
sd35-large-turbo,lion,61,d_lion_061.png,1152,864,23.62
sd35-large-turbo,lion,62,d_lion_062.png,1152,864,23.52
sd35-large-turbo,lion,63,d_lion_063.png,1152,864,23.9
sd35-large-turbo,lion,64,d_lion_064.png,1152,864,23.29
sd35-large-turbo,lion,65,d_lion_065.png,1152,864,23.26
sd35-large-turbo,lion,66,d_lion_066.png,1152,864,23.16
sd35-large-turbo,lion,67,d_lion_067.png,1152,864,22.62
sd35-large-turbo,lion,68,d_lion_068.png,1152,864,23.22
sd35-large-turbo,lion,69,d_lion_069.png,1152,864,22.55
sd35-large-turbo,lion,70,d_lion_070.png,1152,864,22.98
sd35-large-turbo,lion,71,d_lion_071.png,1152,864,22.98
sd35-large-turbo,lion,72,d_lion_072.png,1152,864,23.07
sd35-large-turbo,lion,73,d_lion_073.png,1152,864,23.78
sd35-large-turbo,lion,74,d_lion_074.png,1152,864,23.55
sd35-large-turbo,lion,75,d_lion_075.png,1152,864,23.56
sd35-large-turbo,lion,76,d_lion_076.png,1152,864,23.57
sd35-large-turbo,lion,77,d_lion_077.png,1152,864,23.07
sd35-large-turbo,lion,78,d_lion_078.png,1152,864,23.22
sd35-large-turbo,lion,79,d_lion_079.png,1152,864,23.27
sd35-large-turbo,lion,80,d_lion_080.png,1152,864,23.04
sd35-large-turbo,lion,81,d_lion_081.png,1152,864,23.03
sd35-large-turbo,lion,82,d_lion_082.png,1152,864,22.82
sd35-large-turbo,lion,83,d_lion_083.png,1152,864,22.91
sd35-large-turbo,lion,84,d_lion_084.png,1152,864,23.13
sd35-large-turbo,lion,85,d_lion_085.png,1152,864,23.26
sd35-large-turbo,lion,86,d_lion_086.png,1152,864,23.95
sd35-large-turbo,lion,87,d_lion_087.png,1152,864,23.66
sd35-large-turbo,lion,88,d_lion_088.png,1152,864,24.32
sd35-large-turbo,lion,89,d_lion_089.png,1152,864,23.47
sd35-large-turbo,lion,90,d_lion_090.png,1152,864,23.5
sd35-large-turbo,lion,91,d_lion_091.png,1152,864,23.7
sd35-large-turbo,lion,92,d_lion_092.png,1152,864,23.07
sd35-large-turbo,lion,93,d_lion_093.png,1152,864,23.25
sd35-large-turbo,lion,94,d_lion_094.png,1152,864,23.43
sd35-large-turbo,lion,95,d_lion_095.png,1152,864,23.41
sd35-large-turbo,lion,96,d_lion_096.png,1152,864,23.45
sd35-large-turbo,lion,97,d_lion_097.png,1152,864,23.62
sd35-large-turbo,lion,98,d_lion_098.png,1152,864,23.99
sd35-large-turbo,lion,99,d_lion_099.png,1152,864,23.93
sd35-large-turbo,lion,100,d_lion_100.png,1152,864,23.71
sd35-large-turbo,kinkajou,1,a_kinkajou_001.png,1152,864,23.55
sd35-large-turbo,kinkajou,2,a_kinkajou_002.png,1152,864,23.34
sd35-large-turbo,kinkajou,3,a_kinkajou_003.png,1152,864,23.23
sd35-large-turbo,kinkajou,4,a_kinkajou_004.png,1152,864,23.38
sd35-large-turbo,kinkajou,5,a_kinkajou_005.png,1152,864,23.38
sd35-large-turbo,kinkajou,6,a_kinkajou_006.png,1152,864,23.6
sd35-large-turbo,kinkajou,7,a_kinkajou_007.png,1152,864,23.17
sd35-large-turbo,kinkajou,8,a_kinkajou_008.png,1152,864,23.01
sd35-large-turbo,kinkajou,9,a_kinkajou_009.png,1152,864,23.28
sd35-large-turbo,kinkajou,10,a_kinkajou_010.png,1152,864,23.45
sd35-large-turbo,kinkajou,11,a_kinkajou_011.png,1152,864,23.67
sd35-large-turbo,kinkajou,12,a_kinkajou_012.png,1152,864,23.59
sd35-large-turbo,kinkajou,13,a_kinkajou_013.png,1152,864,23.79
sd35-large-turbo,kinkajou,14,a_kinkajou_014.png,1152,864,23.65
sd35-large-turbo,kinkajou,15,a_kinkajou_015.png,1152,864,23.1
sd35-large-turbo,kinkajou,16,a_kinkajou_016.png,1152,864,23.01
sd35-large-turbo,kinkajou,17,a_kinkajou_017.png,1152,864,22.75
sd35-large-turbo,kinkajou,18,a_kinkajou_018.png,1152,864,22.94
sd35-large-turbo,kinkajou,19,a_kinkajou_019.png,1152,864,22.91
sd35-large-turbo,kinkajou,20,a_kinkajou_020.png,1152,864,23.2
sd35-large-turbo,kinkajou,21,a_kinkajou_021.png,1152,864,23.29
sd35-large-turbo,kinkajou,22,a_kinkajou_022.png,1152,864,23.31
sd35-large-turbo,kinkajou,23,a_kinkajou_023.png,1152,864,23.44
sd35-large-turbo,kinkajou,24,a_kinkajou_024.png,1152,864,23.65
sd35-large-turbo,kinkajou,25,a_kinkajou_025.png,1152,864,23.53
sd35-large-turbo,kinkajou,26,a_kinkajou_026.png,1152,864,23.66
sd35-large-turbo,kinkajou,28,a_kinkajou_028.png,1152,864,23.27
sd35-large-turbo,kinkajou,29,a_kinkajou_029.png,1152,864,23.17
sd35-large-turbo,kinkajou,30,a_kinkajou_030.png,1152,864,22.88
sd35-large-turbo,kinkajou,32,a_kinkajou_032.png,1152,864,22.79
sd35-large-turbo,kinkajou,68,a_kinkajou_068.png,1152,864,23.29
sd35-large-turbo,kinkajou,69,a_kinkajou_069.png,1152,864,22.84
sd35-large-turbo,kinkajou,70,a_kinkajou_070.png,1152,864,23.07
sd35-large-turbo,kinkajou,71,a_kinkajou_071.png,1152,864,23.11
sd35-large-turbo,kinkajou,72,a_kinkajou_072.png,1152,864,22.83
sd35-large-turbo,kinkajou,73,a_kinkajou_073.png,1152,864,23.78
sd35-large-turbo,kinkajou,74,a_kinkajou_074.png,1152,864,23.58
sd35-large-turbo,kinkajou,75,a_kinkajou_075.png,1152,864,23.65
sd35-large-turbo,kinkajou,86,a_kinkajou_086.png,1152,864,23.7
sd35-large-turbo,kinkajou,87,a_kinkajou_087.png,1152,864,22.94
sd35-large-turbo,kinkajou,88,a_kinkajou_088.png,1152,864,23.35
sd35-large-turbo,kinkajou,89,a_kinkajou_089.png,1152,864,22.89
sd35-large-turbo,kinkajou,90,a_kinkajou_090.png,1152,864,22.81
sd35-large-turbo,kinkajou,93,a_kinkajou_093.png,1152,864,23.04
sd35-large-turbo,kinkajou,99,a_kinkajou_099.png,1152,864,22.85
sd35-large-turbo,kinkajou,100,a_kinkajou_100.png,1152,864,23.03
sd35-large-turbo,kinkajou,101,a_kinkajou_101.png,1152,864,22.98
sd35-large-turbo,kinkajou,102,a_kinkajou_102.png,1152,864,23.18
sd35-large-turbo,kinkajou,103,a_kinkajou_103.png,1152,864,23.41
sd35-large-turbo,kinkajou,104,a_kinkajou_104.png,1152,864,23.99
sd35-large-turbo,kinkajou,105,a_kinkajou_105.png,1152,864,23.78
sd35-large-turbo,kinkajou,106,a_kinkajou_106.png,1152,864,23.34
sd35-large-turbo,kinkajou,107,a_kinkajou_107.png,1152,864,23.26
sd35-large-turbo,kinkajou,118,a_kinkajou_118.png,1152,864,22.91
sd35-large-turbo,kinkajou,119,a_kinkajou_119.png,1152,864,22.9
sd35-large-turbo,kinkajou,120,a_kinkajou_120.png,1152,864,22.88
sd35-large-turbo,kinkajou,121,a_kinkajou_121.png,1152,864,22.89
sd35-large-turbo,kinkajou,122,a_kinkajou_122.png,1152,864,22.89
sd35-large-turbo,kinkajou,123,a_kinkajou_123.png,1152,864,22.95
sd35-large-turbo,kinkajou,124,a_kinkajou_124.png,1152,864,22.89
sd35-large-turbo,kinkajou,125,a_kinkajou_125.png,1152,864,23.32
sd35-large-turbo,kinkajou,131,a_kinkajou_131.png,1152,864,23.83
sd35-large-turbo,kinkajou,132,a_kinkajou_132.png,1152,864,23.29
sd35-large-turbo,kinkajou,133,a_kinkajou_133.png,1152,864,23.69
sd35-large-turbo,kinkajou,134,a_kinkajou_134.png,1152,864,23.13
sd35-large-turbo,kinkajou,135,a_kinkajou_135.png,1152,864,23.33
sd35-large-turbo,kinkajou,138,a_kinkajou_138.png,1152,864,22.86
sd35-large-turbo,kinkajou,144,a_kinkajou_144.png,1152,864,22.64
sd35-large-turbo,kinkajou,145,a_kinkajou_145.png,1152,864,22.96
sd35-large-turbo,kinkajou,146,a_kinkajou_146.png,1152,864,22.82
sd35-large-turbo,kinkajou,147,a_kinkajou_147.png,1152,864,22.9
sd35-large-turbo,kinkajou,148,a_kinkajou_148.png,1152,864,22.84
sd35-large-turbo,kinkajou,149,a_kinkajou_149.png,1152,864,23.01
sd35-large-turbo,kinkajou,151,a_kinkajou_151.png,1152,864,23.55
sd35-large-turbo,kinkajou,152,a_kinkajou_152.png,1152,864,23.47
sd35-large-turbo,kinkajou,153,a_kinkajou_153.png,1152,864,23.73
sd35-large-turbo,kinkajou,166,a_kinkajou_166.png,1152,864,23.41
sd35-large-turbo,kinkajou,167,a_kinkajou_167.png,1152,864,23.29
sd35-large-turbo,kinkajou,168,a_kinkajou_168.png,1152,864,23.0
sd35-large-turbo,kinkajou,169,a_kinkajou_169.png,1152,864,22.96
sd35-large-turbo,kinkajou,170,a_kinkajou_170.png,1152,864,22.93
sd35-large-turbo,kinkajou,171,a_kinkajou_171.png,1152,864,22.98
sd35-large-turbo,kinkajou,172,a_kinkajou_172.png,1152,864,22.58
sd35-large-turbo,kinkajou,173,a_kinkajou_173.png,1152,864,22.98
sd35-large-turbo,kinkajou,176,a_kinkajou_176.png,1152,864,22.75
sd35-large-turbo,kinkajou,177,a_kinkajou_177.png,1152,864,22.97
sd35-large-turbo,kinkajou,178,a_kinkajou_178.png,1152,864,23.3
sd35-large-turbo,kinkajou,179,a_kinkajou_179.png,1152,864,23.34
sd35-large-turbo,kinkajou,180,a_kinkajou_180.png,1152,864,23.45
sd35-large-turbo,kinkajou,181,a_kinkajou_181.png,1152,864,23.41
sd35-large-turbo,kinkajou,182,a_kinkajou_182.png,1152,864,23.17
sd35-large-turbo,kinkajou,183,a_kinkajou_183.png,1152,864,23.12
sd35-large-turbo,kinkajou,191,a_kinkajou_191.png,1152,864,22.84
sd35-large-turbo,kinkajou,193,a_kinkajou_193.png,1152,864,22.94
sd35-large-turbo,kinkajou,194,a_kinkajou_194.png,1152,864,22.86
sd35-large-turbo,kinkajou,195,a_kinkajou_195.png,1152,864,22.66
sd35-large-turbo,kinkajou,196,a_kinkajou_196.png,1152,864,23.22
sd35-large-turbo,kinkajou,197,a_kinkajou_197.png,1152,864,22.67
sd35-large-turbo,kinkajou,198,a_kinkajou_198.png,1152,864,23.28
sd35-large-turbo,kinkajou,200,a_kinkajou_200.png,1152,864,23.35
sd35-large-turbo,water deer,1,a_water_deer_001.png,1152,864,23.3
sd35-large-turbo,water deer,2,a_water_deer_002.png,1152,864,23.95
sd35-large-turbo,water deer,3,a_water_deer_003.png,1152,864,23.33
sd35-large-turbo,water deer,4,a_water_deer_004.png,1152,864,23.1
sd35-large-turbo,water deer,5,a_water_deer_005.png,1152,864,23.28
sd35-large-turbo,water deer,6,a_water_deer_006.png,1152,864,22.96
sd35-large-turbo,water deer,7,a_water_deer_007.png,1152,864,23.11
sd35-large-turbo,water deer,8,a_water_deer_008.png,1152,864,22.81
sd35-large-turbo,water deer,9,a_water_deer_009.png,1152,864,22.76
sd35-large-turbo,water deer,10,a_water_deer_010.png,1152,864,22.97
sd35-large-turbo,water deer,11,a_water_deer_011.png,1152,864,22.83
sd35-large-turbo,water deer,12,a_water_deer_012.png,1152,864,23.79
sd35-large-turbo,water deer,13,a_water_deer_013.png,1152,864,23.41
sd35-large-turbo,water deer,14,a_water_deer_014.png,1152,864,23.14
sd35-large-turbo,water deer,15,a_water_deer_015.png,1152,864,23.85
sd35-large-turbo,water deer,16,a_water_deer_016.png,1152,864,23.33
sd35-large-turbo,water deer,17,a_water_deer_017.png,1152,864,23.22
sd35-large-turbo,water deer,18,a_water_deer_018.png,1152,864,22.84
sd35-large-turbo,water deer,19,a_water_deer_019.png,1152,864,22.68
sd35-large-turbo,water deer,20,a_water_deer_020.png,1152,864,23.25
sd35-large-turbo,water deer,21,a_water_deer_021.png,1152,864,22.79
sd35-large-turbo,water deer,22,a_water_deer_022.png,1152,864,23.03
sd35-large-turbo,water deer,23,a_water_deer_023.png,1152,864,22.97
sd35-large-turbo,water deer,24,a_water_deer_024.png,1152,864,23.01
sd35-large-turbo,water deer,25,a_water_deer_025.png,1152,864,23.56
sd35-large-turbo,water deer,27,a_water_deer_027.png,1152,864,23.39
sd35-large-turbo,water deer,28,a_water_deer_028.png,1152,864,23.67
sd35-large-turbo,water deer,29,a_water_deer_029.png,1152,864,23.58
sd35-large-turbo,water deer,30,a_water_deer_030.png,1152,864,22.84
sd35-large-turbo,water deer,31,a_water_deer_031.png,1152,864,23.36
sd35-large-turbo,water deer,68,a_water_deer_068.png,1152,864,22.79
sd35-large-turbo,water deer,69,a_water_deer_069.png,1152,864,22.58
sd35-large-turbo,water deer,70,a_water_deer_070.png,1152,864,23.06
sd35-large-turbo,water deer,71,a_water_deer_071.png,1152,864,22.69
sd35-large-turbo,water deer,72,a_water_deer_072.png,1152,864,22.97
sd35-large-turbo,water deer,73,a_water_deer_073.png,1152,864,23.1
sd35-large-turbo,water deer,74,a_water_deer_074.png,1152,864,23.1
sd35-large-turbo,water deer,75,a_water_deer_075.png,1152,864,23.57
sd35-large-turbo,water deer,86,a_water_deer_086.png,1152,864,23.37
sd35-large-turbo,water deer,87,a_water_deer_087.png,1152,864,23.56
sd35-large-turbo,water deer,88,a_water_deer_088.png,1152,864,23.45
sd35-large-turbo,water deer,89,a_water_deer_089.png,1152,864,23.09
sd35-large-turbo,water deer,90,a_water_deer_090.png,1152,864,22.89
sd35-large-turbo,water deer,93,a_water_deer_093.png,1152,864,22.72
sd35-large-turbo,water deer,99,a_water_deer_099.png,1152,864,22.79
sd35-large-turbo,water deer,100,a_water_deer_100.png,1152,864,22.76
sd35-large-turbo,water deer,101,a_water_deer_101.png,1152,864,22.61
sd35-large-turbo,water deer,102,a_water_deer_102.png,1152,864,23.07
sd35-large-turbo,water deer,103,a_water_deer_103.png,1152,864,22.74
sd35-large-turbo,water deer,104,a_water_deer_104.png,1152,864,23.44
sd35-large-turbo,water deer,105,a_water_deer_105.png,1152,864,23.74
sd35-large-turbo,water deer,106,a_water_deer_106.png,1152,864,23.53
sd35-large-turbo,water deer,107,a_water_deer_107.png,1152,864,23.79
sd35-large-turbo,water deer,118,a_water_deer_118.png,1152,864,23.15
sd35-large-turbo,water deer,119,a_water_deer_119.png,1152,864,22.99
sd35-large-turbo,water deer,120,a_water_deer_120.png,1152,864,22.78
sd35-large-turbo,water deer,121,a_water_deer_121.png,1152,864,22.48
sd35-large-turbo,water deer,122,a_water_deer_122.png,1152,864,22.94
sd35-large-turbo,water deer,123,a_water_deer_123.png,1152,864,23.06
sd35-large-turbo,water deer,124,a_water_deer_124.png,1152,864,22.89
sd35-large-turbo,water deer,125,a_water_deer_125.png,1152,864,22.89
sd35-large-turbo,water deer,131,a_water_deer_131.png,1152,864,22.99
sd35-large-turbo,water deer,132,a_water_deer_132.png,1152,864,23.46
sd35-large-turbo,water deer,133,a_water_deer_133.png,1152,864,23.44
sd35-large-turbo,water deer,134,a_water_deer_134.png,1152,864,23.39
sd35-large-turbo,water deer,135,a_water_deer_135.png,1152,864,23.78
sd35-large-turbo,water deer,138,a_water_deer_138.png,1152,864,23.13
sd35-large-turbo,water deer,144,a_water_deer_144.png,1152,864,23.12
sd35-large-turbo,water deer,145,a_water_deer_145.png,1152,864,22.75
sd35-large-turbo,water deer,146,a_water_deer_146.png,1152,864,23.09
sd35-large-turbo,water deer,147,a_water_deer_147.png,1152,864,23.15
sd35-large-turbo,water deer,148,a_water_deer_148.png,1152,864,22.57
sd35-large-turbo,water deer,149,a_water_deer_149.png,1152,864,22.92
sd35-large-turbo,water deer,151,a_water_deer_151.png,1152,864,22.85
sd35-large-turbo,water deer,152,a_water_deer_152.png,1152,864,23.15
sd35-large-turbo,water deer,153,a_water_deer_153.png,1152,864,23.55
sd35-large-turbo,water deer,166,a_water_deer_166.png,1152,864,23.61
sd35-large-turbo,water deer,167,a_water_deer_167.png,1152,864,23.72
sd35-large-turbo,water deer,168,a_water_deer_168.png,1152,864,23.3
sd35-large-turbo,water deer,169,a_water_deer_169.png,1152,864,22.96
sd35-large-turbo,water deer,170,a_water_deer_170.png,1152,864,22.91
sd35-large-turbo,water deer,171,a_water_deer_171.png,1152,864,22.55
sd35-large-turbo,water deer,172,a_water_deer_172.png,1152,864,23.09
sd35-large-turbo,water deer,173,a_water_deer_173.png,1152,864,22.92
sd35-large-turbo,water deer,176,a_water_deer_176.png,1152,864,22.8
sd35-large-turbo,water deer,177,a_water_deer_177.png,1152,864,23.06
sd35-large-turbo,water deer,178,a_water_deer_178.png,1152,864,22.63
sd35-large-turbo,water deer,179,a_water_deer_179.png,1152,864,23.33
sd35-large-turbo,water deer,180,a_water_deer_180.png,1152,864,23.67
sd35-large-turbo,water deer,181,a_water_deer_181.png,1152,864,23.6
sd35-large-turbo,water deer,182,a_water_deer_182.png,1152,864,23.53
sd35-large-turbo,water deer,183,a_water_deer_183.png,1152,864,23.25
sd35-large-turbo,water deer,191,a_water_deer_191.png,1152,864,23.05
sd35-large-turbo,water deer,193,a_water_deer_193.png,1152,864,23.2
sd35-large-turbo,water deer,194,a_water_deer_194.png,1152,864,22.79
sd35-large-turbo,water deer,195,a_water_deer_195.png,1152,864,22.73
sd35-large-turbo,water deer,196,a_water_deer_196.png,1152,864,22.59
sd35-large-turbo,water deer,197,a_water_deer_197.png,1152,864,22.82
sd35-large-turbo,water deer,198,a_water_deer_198.png,1152,864,22.62
sd35-large-turbo,water deer,200,a_water_deer_200.png,1152,864,22.92
sd35-large-turbo,ringtail,1,a_ringtail_001.png,1152,864,23.48
sd35-large-turbo,ringtail,2,a_ringtail_002.png,1152,864,23.62
sd35-large-turbo,ringtail,3,a_ringtail_003.png,1152,864,23.39
sd35-large-turbo,ringtail,4,a_ringtail_004.png,1152,864,23.58
sd35-large-turbo,ringtail,5,a_ringtail_005.png,1152,864,23.22
sd35-large-turbo,ringtail,6,a_ringtail_006.png,1152,864,23.34
sd35-large-turbo,ringtail,7,a_ringtail_007.png,1152,864,23.02
sd35-large-turbo,ringtail,8,a_ringtail_008.png,1152,864,22.75
sd35-large-turbo,ringtail,9,a_ringtail_009.png,1152,864,22.95
sd35-large-turbo,ringtail,10,a_ringtail_010.png,1152,864,22.75
sd35-large-turbo,ringtail,11,a_ringtail_011.png,1152,864,23.02
sd35-large-turbo,ringtail,12,a_ringtail_012.png,1152,864,22.69
sd35-large-turbo,ringtail,13,a_ringtail_013.png,1152,864,22.73
sd35-large-turbo,ringtail,14,a_ringtail_014.png,1152,864,23.69
sd35-large-turbo,ringtail,15,a_ringtail_015.png,1152,864,23.76
sd35-large-turbo,ringtail,16,a_ringtail_016.png,1152,864,23.41
sd35-large-turbo,ringtail,17,a_ringtail_017.png,1152,864,23.39
sd35-large-turbo,ringtail,18,a_ringtail_018.png,1152,864,22.88
sd35-large-turbo,ringtail,19,a_ringtail_019.png,1152,864,23.17
sd35-large-turbo,ringtail,20,a_ringtail_020.png,1152,864,22.78
sd35-large-turbo,ringtail,21,a_ringtail_021.png,1152,864,22.74
sd35-large-turbo,ringtail,22,a_ringtail_022.png,1152,864,22.79
sd35-large-turbo,ringtail,23,a_ringtail_023.png,1152,864,22.82
sd35-large-turbo,ringtail,24,a_ringtail_024.png,1152,864,22.81
sd35-large-turbo,ringtail,26,a_ringtail_026.png,1152,864,22.84
sd35-large-turbo,ringtail,28,a_ringtail_028.png,1152,864,23.48
sd35-large-turbo,ringtail,29,a_ringtail_029.png,1152,864,23.29
sd35-large-turbo,ringtail,30,a_ringtail_030.png,1152,864,23.38
sd35-large-turbo,ringtail,31,a_ringtail_031.png,1152,864,23.6
sd35-large-turbo,ringtail,32,a_ringtail_032.png,1152,864,23.32
sd35-large-turbo,ringtail,68,a_ringtail_068.png,1152,864,22.94
sd35-large-turbo,ringtail,69,a_ringtail_069.png,1152,864,22.97
sd35-large-turbo,ringtail,70,a_ringtail_070.png,1152,864,22.57
sd35-large-turbo,ringtail,71,a_ringtail_071.png,1152,864,22.71
sd35-large-turbo,ringtail,72,a_ringtail_072.png,1152,864,22.67
sd35-large-turbo,ringtail,73,a_ringtail_073.png,1152,864,23.07
sd35-large-turbo,ringtail,74,a_ringtail_074.png,1152,864,22.91
sd35-large-turbo,ringtail,75,a_ringtail_075.png,1152,864,22.78
sd35-large-turbo,ringtail,86,a_ringtail_086.png,1152,864,23.45
sd35-large-turbo,ringtail,87,a_ringtail_087.png,1152,864,23.6
sd35-large-turbo,ringtail,88,a_ringtail_088.png,1152,864,23.19
sd35-large-turbo,ringtail,89,a_ringtail_089.png,1152,864,23.84
sd35-large-turbo,ringtail,90,a_ringtail_090.png,1152,864,23.31
sd35-large-turbo,ringtail,93,a_ringtail_093.png,1152,864,23.23
sd35-large-turbo,ringtail,99,a_ringtail_099.png,1152,864,22.87
sd35-large-turbo,ringtail,100,a_ringtail_100.png,1152,864,22.82
sd35-large-turbo,ringtail,101,a_ringtail_101.png,1152,864,22.99
sd35-large-turbo,ringtail,102,a_ringtail_102.png,1152,864,22.75
sd35-large-turbo,ringtail,103,a_ringtail_103.png,1152,864,22.75
sd35-large-turbo,ringtail,104,a_ringtail_104.png,1152,864,22.78
sd35-large-turbo,ringtail,105,a_ringtail_105.png,1152,864,22.94
sd35-large-turbo,ringtail,106,a_ringtail_106.png,1152,864,23.46
sd35-large-turbo,ringtail,107,a_ringtail_107.png,1152,864,23.79
sd35-large-turbo,ringtail,118,a_ringtail_118.png,1152,864,23.61
sd35-large-turbo,ringtail,119,a_ringtail_119.png,1152,864,23.49
sd35-large-turbo,ringtail,120,a_ringtail_120.png,1152,864,23.1
sd35-large-turbo,ringtail,121,a_ringtail_121.png,1152,864,23.06
sd35-large-turbo,ringtail,122,a_ringtail_122.png,1152,864,22.71
sd35-large-turbo,ringtail,123,a_ringtail_123.png,1152,864,22.65
sd35-large-turbo,ringtail,124,a_ringtail_124.png,1152,864,23.1
sd35-large-turbo,ringtail,125,a_ringtail_125.png,1152,864,22.91
sd35-large-turbo,ringtail,131,a_ringtail_131.png,1152,864,22.95
sd35-large-turbo,ringtail,132,a_ringtail_132.png,1152,864,22.86
sd35-large-turbo,ringtail,133,a_ringtail_133.png,1152,864,23.2
sd35-large-turbo,ringtail,134,a_ringtail_134.png,1152,864,23.63
sd35-large-turbo,ringtail,135,a_ringtail_135.png,1152,864,23.11
sd35-large-turbo,ringtail,138,a_ringtail_138.png,1152,864,23.84
sd35-large-turbo,ringtail,144,a_ringtail_144.png,1152,864,23.49
sd35-large-turbo,ringtail,145,a_ringtail_145.png,1152,864,22.94
sd35-large-turbo,ringtail,146,a_ringtail_146.png,1152,864,23.29
sd35-large-turbo,ringtail,147,a_ringtail_147.png,1152,864,22.8
sd35-large-turbo,ringtail,148,a_ringtail_148.png,1152,864,23.12
sd35-large-turbo,ringtail,149,a_ringtail_149.png,1152,864,23.01
sd35-large-turbo,ringtail,151,a_ringtail_151.png,1152,864,22.83
sd35-large-turbo,ringtail,152,a_ringtail_152.png,1152,864,23.03
sd35-large-turbo,ringtail,153,a_ringtail_153.png,1152,864,23.05
sd35-large-turbo,ringtail,166,a_ringtail_166.png,1152,864,23.28
sd35-large-turbo,ringtail,167,a_ringtail_167.png,1152,864,23.79
sd35-large-turbo,ringtail,168,a_ringtail_168.png,1152,864,23.44
sd35-large-turbo,ringtail,169,a_ringtail_169.png,1152,864,23.77
sd35-large-turbo,ringtail,170,a_ringtail_170.png,1152,864,23.38
sd35-large-turbo,ringtail,171,a_ringtail_171.png,1152,864,23.29
sd35-large-turbo,ringtail,172,a_ringtail_172.png,1152,864,23.54
sd35-large-turbo,ringtail,173,a_ringtail_173.png,1152,864,23.02
sd35-large-turbo,ringtail,176,a_ringtail_176.png,1152,864,23.06
sd35-large-turbo,ringtail,177,a_ringtail_177.png,1152,864,22.78
sd35-large-turbo,ringtail,178,a_ringtail_178.png,1152,864,22.95
sd35-large-turbo,ringtail,179,a_ringtail_179.png,1152,864,23.08
sd35-large-turbo,ringtail,180,a_ringtail_180.png,1152,864,23.62
sd35-large-turbo,ringtail,181,a_ringtail_181.png,1152,864,24.09
sd35-large-turbo,ringtail,182,a_ringtail_182.png,1152,864,23.79
sd35-large-turbo,ringtail,183,a_ringtail_183.png,1152,864,23.51
sd35-large-turbo,ringtail,191,a_ringtail_191.png,1152,864,24.0
sd35-large-turbo,ringtail,193,a_ringtail_193.png,1152,864,23.23
sd35-large-turbo,ringtail,194,a_ringtail_194.png,1152,864,23.19
sd35-large-turbo,ringtail,195,a_ringtail_195.png,1152,864,23.05
sd35-large-turbo,ringtail,196,a_ringtail_196.png,1152,864,22.72
sd35-large-turbo,ringtail,197,a_ringtail_197.png,1152,864,23.15
sd35-large-turbo,ringtail,198,a_ringtail_198.png,1152,864,23.21
sd35-large-turbo,ringtail,200,a_ringtail_200.png,1152,864,23.58
sd35-large-turbo,saiga,1,a_saiga_001.png,1152,864,23.61
sd35-large-turbo,saiga,2,a_saiga_002.png,1152,864,24.09
sd35-large-turbo,saiga,3,a_saiga_003.png,1152,864,24.53
sd35-large-turbo,saiga,4,a_saiga_004.png,1152,864,24.52
sd35-large-turbo,saiga,5,a_saiga_005.png,1152,864,24.3
sd35-large-turbo,saiga,6,a_saiga_006.png,1152,864,23.97
sd35-large-turbo,saiga,7,a_saiga_007.png,1152,864,23.39
sd35-large-turbo,saiga,8,a_saiga_008.png,1152,864,23.59
sd35-large-turbo,saiga,9,a_saiga_009.png,1152,864,23.07
sd35-large-turbo,saiga,10,a_saiga_010.png,1152,864,23.26
sd35-large-turbo,saiga,11,a_saiga_011.png,1152,864,22.88
sd35-large-turbo,saiga,12,a_saiga_012.png,1152,864,23.13
sd35-large-turbo,saiga,13,a_saiga_013.png,1152,864,23.51
sd35-large-turbo,saiga,14,a_saiga_014.png,1152,864,24.13
sd35-large-turbo,saiga,15,a_saiga_015.png,1152,864,24.89
sd35-large-turbo,saiga,16,a_saiga_016.png,1152,864,24.32
sd35-large-turbo,saiga,17,a_saiga_017.png,1152,864,24.11
sd35-large-turbo,saiga,18,a_saiga_018.png,1152,864,23.95
sd35-large-turbo,saiga,19,a_saiga_019.png,1152,864,23.6
sd35-large-turbo,saiga,20,a_saiga_020.png,1152,864,23.34
sd35-large-turbo,saiga,21,a_saiga_021.png,1152,864,22.89
sd35-large-turbo,saiga,22,a_saiga_022.png,1152,864,22.92
sd35-large-turbo,saiga,23,a_saiga_023.png,1152,864,23.04
sd35-large-turbo,saiga,24,a_saiga_024.png,1152,864,23.26
sd35-large-turbo,saiga,28,a_saiga_028.png,1152,864,23.62
sd35-large-turbo,saiga,30,a_saiga_030.png,1152,864,24.81
sd35-large-turbo,saiga,31,a_saiga_031.png,1152,864,29.22
sd35-large-turbo,saiga,32,a_saiga_032.png,1152,864,29.04
sd35-large-turbo,saiga,36,a_saiga_036.png,1152,864,28.72
sd35-large-turbo,saiga,38,a_saiga_038.png,1152,864,28.8
sd35-large-turbo,saiga,68,a_saiga_068.png,1152,864,29.11
sd35-large-turbo,saiga,69,a_saiga_069.png,1152,864,28.13
sd35-large-turbo,saiga,70,a_saiga_070.png,1152,864,28.16
sd35-large-turbo,saiga,71,a_saiga_071.png,1152,864,28.27
sd35-large-turbo,saiga,72,a_saiga_072.png,1152,864,28.38
sd35-large-turbo,saiga,73,a_saiga_073.png,1152,864,28.44
sd35-large-turbo,saiga,74,a_saiga_074.png,1152,864,28.85
sd35-large-turbo,saiga,75,a_saiga_075.png,1152,864,29.0
sd35-large-turbo,saiga,86,a_saiga_086.png,1152,864,29.21
sd35-large-turbo,saiga,87,a_saiga_087.png,1152,864,28.81
sd35-large-turbo,saiga,88,a_saiga_088.png,1152,864,28.85
sd35-large-turbo,saiga,89,a_saiga_089.png,1152,864,28.43
sd35-large-turbo,saiga,90,a_saiga_090.png,1152,864,28.24
sd35-large-turbo,saiga,93,a_saiga_093.png,1152,864,28.36
sd35-large-turbo,saiga,99,a_saiga_099.png,1152,864,28.58
sd35-large-turbo,saiga,100,a_saiga_100.png,1152,864,28.14
sd35-large-turbo,saiga,101,a_saiga_101.png,1152,864,28.62
sd35-large-turbo,saiga,102,a_saiga_102.png,1152,864,29.32
sd35-large-turbo,saiga,103,a_saiga_103.png,1152,864,29.21
sd35-large-turbo,saiga,104,a_saiga_104.png,1152,864,29.39
sd35-large-turbo,saiga,105,a_saiga_105.png,1152,864,28.71
sd35-large-turbo,saiga,106,a_saiga_106.png,1152,864,28.89
sd35-large-turbo,saiga,107,a_saiga_107.png,1152,864,28.27
sd35-large-turbo,saiga,118,a_saiga_118.png,1152,864,28.69
sd35-large-turbo,saiga,119,a_saiga_119.png,1152,864,28.39
sd35-large-turbo,saiga,120,a_saiga_120.png,1152,864,28.83
sd35-large-turbo,saiga,121,a_saiga_121.png,1152,864,28.48
sd35-large-turbo,saiga,122,a_saiga_122.png,1152,864,29.39
sd35-large-turbo,saiga,123,a_saiga_123.png,1152,864,29.45
sd35-large-turbo,saiga,124,a_saiga_124.png,1152,864,29.34
sd35-large-turbo,saiga,125,a_saiga_125.png,1152,864,28.75
sd35-large-turbo,saiga,131,a_saiga_131.png,1152,864,28.61
sd35-large-turbo,saiga,132,a_saiga_132.png,1152,864,28.15
sd35-large-turbo,saiga,133,a_saiga_133.png,1152,864,28.84
sd35-large-turbo,saiga,134,a_saiga_134.png,1152,864,29.05
sd35-large-turbo,saiga,135,a_saiga_135.png,1152,864,28.46
sd35-large-turbo,saiga,138,a_saiga_138.png,1152,864,28.88
sd35-large-turbo,saiga,144,a_saiga_144.png,1152,864,29.85
sd35-large-turbo,saiga,145,a_saiga_145.png,1152,864,30.01
sd35-large-turbo,saiga,146,a_saiga_146.png,1152,864,30.02
sd35-large-turbo,saiga,147,a_saiga_147.png,1152,864,30.02
sd35-large-turbo,saiga,148,a_saiga_148.png,1152,864,29.4
sd35-large-turbo,saiga,149,a_saiga_149.png,1152,864,28.28
sd35-large-turbo,saiga,151,a_saiga_151.png,1152,864,28.79
sd35-large-turbo,saiga,152,a_saiga_152.png,1152,864,28.56
sd35-large-turbo,saiga,153,a_saiga_153.png,1152,864,28.8
sd35-large-turbo,saiga,166,a_saiga_166.png,1152,864,28.52
sd35-large-turbo,saiga,167,a_saiga_167.png,1152,864,29.32
sd35-large-turbo,saiga,168,a_saiga_168.png,1152,864,29.16
sd35-large-turbo,saiga,169,a_saiga_169.png,1152,864,29.2
sd35-large-turbo,saiga,170,a_saiga_170.png,1152,864,29.51
sd35-large-turbo,saiga,171,a_saiga_171.png,1152,864,28.96
sd35-large-turbo,saiga,172,a_saiga_172.png,1152,864,28.24
sd35-large-turbo,saiga,173,a_saiga_173.png,1152,864,28.55
sd35-large-turbo,saiga,176,a_saiga_176.png,1152,864,28.46
sd35-large-turbo,saiga,177,a_saiga_177.png,1152,864,28.77
sd35-large-turbo,saiga,178,a_saiga_178.png,1152,864,28.32
sd35-large-turbo,saiga,179,a_saiga_179.png,1152,864,28.74
sd35-large-turbo,saiga,180,a_saiga_180.png,1152,864,29.05
sd35-large-turbo,saiga,181,a_saiga_181.png,1152,864,28.96
sd35-large-turbo,saiga,182,a_saiga_182.png,1152,864,29.07
sd35-large-turbo,saiga,183,a_saiga_183.png,1152,864,28.72
sd35-large-turbo,saiga,191,a_saiga_191.png,1152,864,28.83
sd35-large-turbo,saiga,193,a_saiga_193.png,1152,864,28.67
sd35-large-turbo,saiga,194,a_saiga_194.png,1152,864,29.12
sd35-large-turbo,saiga,195,a_saiga_195.png,1152,864,28.62
sd35-large-turbo,saiga,196,a_saiga_196.png,1152,864,29.19
sd35-large-turbo,saiga,197,a_saiga_197.png,1152,864,29.27
sd35-large-turbo,saiga,198,a_saiga_198.png,1152,864,30.07
sd35-large-turbo,saiga,200,a_saiga_200.png,1152,864,29.2
sd35-large-turbo,aye-aye,1,a_aye_aye_001.png,1152,864,29.8
sd35-large-turbo,aye-aye,2,a_aye_aye_002.png,1152,864,29.31
sd35-large-turbo,aye-aye,3,a_aye_aye_003.png,1152,864,29.55
sd35-large-turbo,aye-aye,4,a_aye_aye_004.png,1152,864,28.68
sd35-large-turbo,aye-aye,5,a_aye_aye_005.png,1152,864,29.25
sd35-large-turbo,aye-aye,6,a_aye_aye_006.png,1152,864,28.86
sd35-large-turbo,aye-aye,7,a_aye_aye_007.png,1152,864,29.08
sd35-large-turbo,aye-aye,8,a_aye_aye_008.png,1152,864,29.2
sd35-large-turbo,aye-aye,9,a_aye_aye_009.png,1152,864,30.16
sd35-large-turbo,aye-aye,10,a_aye_aye_010.png,1152,864,29.48
sd35-large-turbo,aye-aye,11,a_aye_aye_011.png,1152,864,29.58
sd35-large-turbo,aye-aye,12,a_aye_aye_012.png,1152,864,29.15
sd35-large-turbo,aye-aye,13,a_aye_aye_013.png,1152,864,29.5
sd35-large-turbo,aye-aye,14,a_aye_aye_014.png,1152,864,29.0
sd35-large-turbo,aye-aye,15,a_aye_aye_015.png,1152,864,29.46
sd35-large-turbo,aye-aye,16,a_aye_aye_016.png,1152,864,29.0
sd35-large-turbo,aye-aye,17,a_aye_aye_017.png,1152,864,29.59
sd35-large-turbo,aye-aye,18,a_aye_aye_018.png,1152,864,29.41
sd35-large-turbo,aye-aye,19,a_aye_aye_019.png,1152,864,30.29
sd35-large-turbo,aye-aye,20,a_aye_aye_020.png,1152,864,30.52
sd35-large-turbo,aye-aye,21,a_aye_aye_021.png,1152,864,30.69
sd35-large-turbo,aye-aye,22,a_aye_aye_022.png,1152,864,29.56
sd35-large-turbo,aye-aye,23,a_aye_aye_023.png,1152,864,29.69
sd35-large-turbo,aye-aye,24,a_aye_aye_024.png,1152,864,29.78
sd35-large-turbo,aye-aye,25,a_aye_aye_025.png,1152,864,29.64
sd35-large-turbo,aye-aye,27,a_aye_aye_027.png,1152,864,29.04
sd35-large-turbo,aye-aye,28,a_aye_aye_028.png,1152,864,29.0
sd35-large-turbo,aye-aye,30,a_aye_aye_030.png,1152,864,29.08
sd35-large-turbo,aye-aye,31,a_aye_aye_031.png,1152,864,30.15
sd35-large-turbo,aye-aye,38,a_aye_aye_038.png,1152,864,29.95
sd35-large-turbo,aye-aye,68,a_aye_aye_068.png,1152,864,30.32
sd35-large-turbo,aye-aye,69,a_aye_aye_069.png,1152,864,29.28
sd35-large-turbo,aye-aye,70,a_aye_aye_070.png,1152,864,29.5
sd35-large-turbo,aye-aye,71,a_aye_aye_071.png,1152,864,29.18
sd35-large-turbo,aye-aye,72,a_aye_aye_072.png,1152,864,29.44
sd35-large-turbo,aye-aye,73,a_aye_aye_073.png,1152,864,29.04
sd35-large-turbo,aye-aye,74,a_aye_aye_074.png,1152,864,29.33
sd35-large-turbo,aye-aye,75,a_aye_aye_075.png,1152,864,29.63
sd35-large-turbo,aye-aye,86,a_aye_aye_086.png,1152,864,30.13
sd35-large-turbo,aye-aye,87,a_aye_aye_087.png,1152,864,29.64
sd35-large-turbo,aye-aye,88,a_aye_aye_088.png,1152,864,30.4
sd35-large-turbo,aye-aye,89,a_aye_aye_089.png,1152,864,29.51
sd35-large-turbo,aye-aye,90,a_aye_aye_090.png,1152,864,29.53
sd35-large-turbo,aye-aye,93,a_aye_aye_093.png,1152,864,28.97
sd35-large-turbo,aye-aye,99,a_aye_aye_099.png,1152,864,29.78
sd35-large-turbo,aye-aye,100,a_aye_aye_100.png,1152,864,30.35
sd35-large-turbo,aye-aye,101,a_aye_aye_101.png,1152,864,30.72
sd35-large-turbo,aye-aye,102,a_aye_aye_102.png,1152,864,29.54
sd35-large-turbo,aye-aye,103,a_aye_aye_103.png,1152,864,29.98
sd35-large-turbo,aye-aye,104,a_aye_aye_104.png,1152,864,29.67
sd35-large-turbo,aye-aye,105,a_aye_aye_105.png,1152,864,29.69
sd35-large-turbo,aye-aye,106,a_aye_aye_106.png,1152,864,29.62
sd35-large-turbo,aye-aye,107,a_aye_aye_107.png,1152,864,29.45
sd35-large-turbo,aye-aye,118,a_aye_aye_118.png,1152,864,29.14
sd35-large-turbo,aye-aye,119,a_aye_aye_119.png,1152,864,29.36
sd35-large-turbo,aye-aye,120,a_aye_aye_120.png,1152,864,29.38
sd35-large-turbo,aye-aye,121,a_aye_aye_121.png,1152,864,29.44
sd35-large-turbo,aye-aye,122,a_aye_aye_122.png,1152,864,29.44
sd35-large-turbo,aye-aye,123,a_aye_aye_123.png,1152,864,30.12
sd35-large-turbo,aye-aye,124,a_aye_aye_124.png,1152,864,30.01
sd35-large-turbo,aye-aye,125,a_aye_aye_125.png,1152,864,30.0
sd35-large-turbo,aye-aye,131,a_aye_aye_131.png,1152,864,29.57
sd35-large-turbo,aye-aye,132,a_aye_aye_132.png,1152,864,29.45
sd35-large-turbo,aye-aye,133,a_aye_aye_133.png,1152,864,29.32
sd35-large-turbo,aye-aye,134,a_aye_aye_134.png,1152,864,29.64
sd35-large-turbo,aye-aye,135,a_aye_aye_135.png,1152,864,29.29
sd35-large-turbo,aye-aye,138,a_aye_aye_138.png,1152,864,29.09
sd35-large-turbo,aye-aye,144,a_aye_aye_144.png,1152,864,29.06
sd35-large-turbo,aye-aye,145,a_aye_aye_145.png,1152,864,29.65
sd35-large-turbo,aye-aye,146,a_aye_aye_146.png,1152,864,29.32
sd35-large-turbo,aye-aye,147,a_aye_aye_147.png,1152,864,30.12
sd35-large-turbo,aye-aye,148,a_aye_aye_148.png,1152,864,29.45
sd35-large-turbo,aye-aye,149,a_aye_aye_149.png,1152,864,29.11
sd35-large-turbo,aye-aye,151,a_aye_aye_151.png,1152,864,29.82
sd35-large-turbo,aye-aye,152,a_aye_aye_152.png,1152,864,29.68
sd35-large-turbo,aye-aye,153,a_aye_aye_153.png,1152,864,29.19
sd35-large-turbo,aye-aye,166,a_aye_aye_166.png,1152,864,29.04
sd35-large-turbo,aye-aye,167,a_aye_aye_167.png,1152,864,28.59
sd35-large-turbo,aye-aye,168,a_aye_aye_168.png,1152,864,29.68
sd35-large-turbo,aye-aye,169,a_aye_aye_169.png,1152,864,29.42
sd35-large-turbo,aye-aye,170,a_aye_aye_170.png,1152,864,29.6
sd35-large-turbo,aye-aye,171,a_aye_aye_171.png,1152,864,28.96
sd35-large-turbo,aye-aye,172,a_aye_aye_172.png,1152,864,28.74
sd35-large-turbo,aye-aye,173,a_aye_aye_173.png,1152,864,28.54
sd35-large-turbo,aye-aye,176,a_aye_aye_176.png,1152,864,28.9
sd35-large-turbo,aye-aye,177,a_aye_aye_177.png,1152,864,28.95
sd35-large-turbo,aye-aye,178,a_aye_aye_178.png,1152,864,28.81
sd35-large-turbo,aye-aye,179,a_aye_aye_179.png,1152,864,30.07
sd35-large-turbo,aye-aye,180,a_aye_aye_180.png,1152,864,30.73
sd35-large-turbo,aye-aye,181,a_aye_aye_181.png,1152,864,30.56
sd35-large-turbo,aye-aye,182,a_aye_aye_182.png,1152,864,31.01
sd35-large-turbo,aye-aye,183,a_aye_aye_183.png,1152,864,30.61
sd35-large-turbo,aye-aye,191,a_aye_aye_191.png,1152,864,30.35
sd35-large-turbo,aye-aye,193,a_aye_aye_193.png,1152,864,29.97
sd35-large-turbo,aye-aye,194,a_aye_aye_194.png,1152,864,30.06
sd35-large-turbo,aye-aye,195,a_aye_aye_195.png,1152,864,29.92
sd35-large-turbo,aye-aye,196,a_aye_aye_196.png,1152,864,29.81
sd35-large-turbo,aye-aye,197,a_aye_aye_197.png,1152,864,30.17
sd35-large-turbo,aye-aye,198,a_aye_aye_198.png,1152,864,30.85
sd35-large-turbo,aye-aye,200,a_aye_aye_200.png,1152,864,30.67
sd35-large-turbo,pangolin family,1,a_pangolin_family_001.png,1152,864,30.81
sd35-large-turbo,pangolin family,2,a_pangolin_family_002.png,1152,864,31.18
sd35-large-turbo,pangolin family,3,a_pangolin_family_003.png,1152,864,30.21
sd35-large-turbo,pangolin family,4,a_pangolin_family_004.png,1152,864,29.96
sd35-large-turbo,pangolin family,5,a_pangolin_family_005.png,1152,864,30.52
sd35-large-turbo,pangolin family,6,a_pangolin_family_006.png,1152,864,30.17
sd35-large-turbo,pangolin family,7,a_pangolin_family_007.png,1152,864,30.51
sd35-large-turbo,pangolin family,8,a_pangolin_family_008.png,1152,864,30.74
sd35-large-turbo,pangolin family,9,a_pangolin_family_009.png,1152,864,30.73
sd35-large-turbo,pangolin family,10,a_pangolin_family_010.png,1152,864,31.04
sd35-large-turbo,pangolin family,11,a_pangolin_family_011.png,1152,864,30.18
sd35-large-turbo,pangolin family,12,a_pangolin_family_012.png,1152,864,31.08
sd35-large-turbo,pangolin family,13,a_pangolin_family_013.png,1152,864,30.11
sd35-large-turbo,pangolin family,14,a_pangolin_family_014.png,1152,864,30.09
sd35-large-turbo,pangolin family,15,a_pangolin_family_015.png,1152,864,30.17
sd35-large-turbo,pangolin family,16,a_pangolin_family_016.png,1152,864,30.38
sd35-large-turbo,pangolin family,17,a_pangolin_family_017.png,1152,864,30.51
sd35-large-turbo,pangolin family,18,a_pangolin_family_018.png,1152,864,31.05
sd35-large-turbo,pangolin family,19,a_pangolin_family_019.png,1152,864,30.81
sd35-large-turbo,pangolin family,20,a_pangolin_family_020.png,1152,864,31.14
sd35-large-turbo,pangolin family,21,a_pangolin_family_021.png,1152,864,30.91
sd35-large-turbo,pangolin family,22,a_pangolin_family_022.png,1152,864,30.97
sd35-large-turbo,pangolin family,23,a_pangolin_family_023.png,1152,864,29.64
sd35-large-turbo,pangolin family,24,a_pangolin_family_024.png,1152,864,30.19
sd35-large-turbo,pangolin family,25,a_pangolin_family_025.png,1152,864,29.77
sd35-large-turbo,pangolin family,26,a_pangolin_family_026.png,1152,864,30.8
sd35-large-turbo,pangolin family,28,a_pangolin_family_028.png,1152,864,31.39
sd35-large-turbo,pangolin family,29,a_pangolin_family_029.png,1152,864,31.43
sd35-large-turbo,pangolin family,30,a_pangolin_family_030.png,1152,864,31.09
sd35-large-turbo,pangolin family,31,a_pangolin_family_031.png,1152,864,30.8
sd35-large-turbo,pangolin family,68,a_pangolin_family_068.png,1152,864,30.99
sd35-large-turbo,pangolin family,69,a_pangolin_family_069.png,1152,864,31.11
sd35-large-turbo,pangolin family,70,a_pangolin_family_070.png,1152,864,31.46
sd35-large-turbo,pangolin family,71,a_pangolin_family_071.png,1152,864,30.14
sd35-large-turbo,pangolin family,72,a_pangolin_family_072.png,1152,864,29.96
sd35-large-turbo,pangolin family,73,a_pangolin_family_073.png,1152,864,30.15
sd35-large-turbo,pangolin family,74,a_pangolin_family_074.png,1152,864,30.71
sd35-large-turbo,pangolin family,75,a_pangolin_family_075.png,1152,864,30.84
sd35-large-turbo,pangolin family,86,a_pangolin_family_086.png,1152,864,30.96
sd35-large-turbo,pangolin family,87,a_pangolin_family_087.png,1152,864,30.88
sd35-large-turbo,pangolin family,88,a_pangolin_family_088.png,1152,864,30.97
sd35-large-turbo,pangolin family,89,a_pangolin_family_089.png,1152,864,30.35
sd35-large-turbo,pangolin family,90,a_pangolin_family_090.png,1152,864,30.19
sd35-large-turbo,pangolin family,93,a_pangolin_family_093.png,1152,864,30.17
sd35-large-turbo,pangolin family,99,a_pangolin_family_099.png,1152,864,29.69
sd35-large-turbo,pangolin family,100,a_pangolin_family_100.png,1152,864,30.35
sd35-large-turbo,pangolin family,101,a_pangolin_family_101.png,1152,864,31.81
sd35-large-turbo,pangolin family,102,a_pangolin_family_102.png,1152,864,31.59
sd35-large-turbo,pangolin family,103,a_pangolin_family_103.png,1152,864,31.6
sd35-large-turbo,pangolin family,104,a_pangolin_family_104.png,1152,864,31.7
sd35-large-turbo,pangolin family,105,a_pangolin_family_105.png,1152,864,31.3
sd35-large-turbo,pangolin family,106,a_pangolin_family_106.png,1152,864,30.63
sd35-large-turbo,pangolin family,107,a_pangolin_family_107.png,1152,864,30.76
sd35-large-turbo,pangolin family,118,a_pangolin_family_118.png,1152,864,30.34
sd35-large-turbo,pangolin family,119,a_pangolin_family_119.png,1152,864,32.11
sd35-large-turbo,pangolin family,120,a_pangolin_family_120.png,1152,864,24.22
sd35-large-turbo,pangolin family,121,a_pangolin_family_121.png,1152,864,24.34
sd35-large-turbo,pangolin family,122,a_pangolin_family_122.png,1152,864,24.29
sd35-large-turbo,pangolin family,123,a_pangolin_family_123.png,1152,864,24.51
sd35-large-turbo,pangolin family,124,a_pangolin_family_124.png,1152,864,24.78
sd35-large-turbo,pangolin family,125,a_pangolin_family_125.png,1152,864,24.25
sd35-large-turbo,pangolin family,131,a_pangolin_family_131.png,1152,864,23.87
sd35-large-turbo,pangolin family,132,a_pangolin_family_132.png,1152,864,23.47
sd35-large-turbo,pangolin family,133,a_pangolin_family_133.png,1152,864,24.02
sd35-large-turbo,pangolin family,134,a_pangolin_family_134.png,1152,864,23.9
sd35-large-turbo,pangolin family,135,a_pangolin_family_135.png,1152,864,24.64
sd35-large-turbo,pangolin family,138,a_pangolin_family_138.png,1152,864,23.69
sd35-large-turbo,pangolin family,144,a_pangolin_family_144.png,1152,864,23.95
sd35-large-turbo,pangolin family,145,a_pangolin_family_145.png,1152,864,24.32
sd35-large-turbo,pangolin family,146,a_pangolin_family_146.png,1152,864,24.6
sd35-large-turbo,pangolin family,147,a_pangolin_family_147.png,1152,864,24.46
sd35-large-turbo,pangolin family,148,a_pangolin_family_148.png,1152,864,24.6
sd35-large-turbo,pangolin family,149,a_pangolin_family_149.png,1152,864,24.12
sd35-large-turbo,pangolin family,151,a_pangolin_family_151.png,1152,864,24.13
sd35-large-turbo,pangolin family,152,a_pangolin_family_152.png,1152,864,23.82
sd35-large-turbo,pangolin family,153,a_pangolin_family_153.png,1152,864,23.71
sd35-large-turbo,pangolin family,166,a_pangolin_family_166.png,1152,864,23.64
sd35-large-turbo,pangolin family,167,a_pangolin_family_167.png,1152,864,23.63
sd35-large-turbo,pangolin family,168,a_pangolin_family_168.png,1152,864,23.86
sd35-large-turbo,pangolin family,169,a_pangolin_family_169.png,1152,864,23.97
sd35-large-turbo,pangolin family,170,a_pangolin_family_170.png,1152,864,24.3
sd35-large-turbo,pangolin family,171,a_pangolin_family_171.png,1152,864,24.41
sd35-large-turbo,pangolin family,172,a_pangolin_family_172.png,1152,864,24.4
sd35-large-turbo,pangolin family,173,a_pangolin_family_173.png,1152,864,24.24
sd35-large-turbo,pangolin family,176,a_pangolin_family_176.png,1152,864,23.64
sd35-large-turbo,pangolin family,177,a_pangolin_family_177.png,1152,864,24.3
sd35-large-turbo,pangolin family,178,a_pangolin_family_178.png,1152,864,23.49
sd35-large-turbo,pangolin family,179,a_pangolin_family_179.png,1152,864,23.78
sd35-large-turbo,pangolin family,180,a_pangolin_family_180.png,1152,864,23.73
sd35-large-turbo,pangolin family,181,a_pangolin_family_181.png,1152,864,23.74
sd35-large-turbo,pangolin family,182,a_pangolin_family_182.png,1152,864,23.82
sd35-large-turbo,pangolin family,183,a_pangolin_family_183.png,1152,864,24.12
sd35-large-turbo,pangolin family,191,a_pangolin_family_191.png,1152,864,23.82
sd35-large-turbo,pangolin family,193,a_pangolin_family_193.png,1152,864,23.94
sd35-large-turbo,pangolin family,194,a_pangolin_family_194.png,1152,864,24.14
sd35-large-turbo,pangolin family,195,a_pangolin_family_195.png,1152,864,24.23
sd35-large-turbo,pangolin family,196,a_pangolin_family_196.png,1152,864,23.98
sd35-large-turbo,pangolin family,197,a_pangolin_family_197.png,1152,864,24.25
sd35-large-turbo,pangolin family,198,a_pangolin_family_198.png,1152,864,23.67
sd35-large-turbo,pangolin family,200,a_pangolin_family_200.png,1152,864,23.42
